{
  "meta": {
    "ckpt": "runs/clvtex_pn10/ema_499.pth",
    "data": "clevrtex_full",
    "n_images": 48,
    "bs": 8,
    "n_clusters": 11,
    "imsize": 128,
    "device": "cuda",
    "J": "attn",
    "N": 4,
    "ch": 256,
    "L": 1,
    "T": 8,
    "psize": 8,
    "elapsed_s": 3.2,
    "load_info": {
      "load_kind": "ema.ema_model",
      "n_missing": 0,
      "n_unexpected": 0,
      "missing_head": [],
      "unexpected_head": []
    }
  },
  "decomposition": {
    "L0": {
      "gJ_norm": [
        3.44287,
        5.05639,
        5.73646,
        6.22788,
        6.81146,
        7.19322,
        7.3537,
        7.34556,
        3.38731,
        5.15165,
        5.80129,
        6.28539,
        6.80616,
        6.9544,
        7.13725,
        7.13114,
        3.39521,
        5.01825,
        5.54311,
        6.20346,
        6.63996,
        7.06227,
        7.18401,
        7.15983,
        3.43136,
        4.74063,
        5.65485,
        5.99827,
        6.59158,
        6.90715,
        7.13392,
        6.96571,
        3.43916,
        4.88813,
        5.61988,
        6.149,
        6.51101,
        6.87533,
        6.94416,
        6.89515,
        3.43161,
        4.76168,
        5.64652,
        6.02322,
        6.41753,
        6.85664,
        6.97635,
        6.91309
      ],
      "gc_norm": [
        5.77439,
        5.54335,
        5.57846,
        5.58863,
        5.60027,
        5.61654,
        5.60991,
        5.62604,
        5.92465,
        5.66699,
        5.71001,
        5.72485,
        5.74578,
        5.74364,
        5.75311,
        5.7668,
        5.78377,
        5.5545,
        5.58596,
        5.60515,
        5.59842,
        5.62312,
        5.62667,
        5.63805,
        6.09329,
        5.84342,
        5.87325,
        5.89513,
        5.9061,
        5.90847,
        5.92189,
        5.92272,
        5.82829,
        5.56491,
        5.60998,
        5.62776,
        5.63462,
        5.64761,
        5.64563,
        5.67048,
        5.91673,
        5.66567,
        5.69343,
        5.72412,
        5.72249,
        5.73847,
        5.74825,
        5.74385
      ],
      "ratio_gJ_gc": [
        1.3908,
        2.00785,
        2.2542,
        2.43467,
        2.68291,
        2.85372,
        2.93465,
        2.91907,
        1.31686,
        1.98925,
        2.22809,
        2.37884,
        2.60728,
        2.7167,
        2.74991,
        2.76155,
        1.34489,
        1.9534,
        2.10706,
        2.39859,
        2.57335,
        2.74236,
        2.80247,
        2.79447,
        1.31988,
        1.80942,
        2.12885,
        2.22893,
        2.46586,
        2.58467,
        2.68763,
        2.61676,
        1.46406,
        2.06797,
        2.3405,
        2.54334,
        2.70607,
        2.87862,
        2.8823,
        2.89604,
        1.38056,
        1.87756,
        2.19945,
        2.35157,
        2.51971,
        2.71982,
        2.77588,
        2.75616
      ],
      "cos_gJ_gc": [
        -0.049,
        -0.15242,
        -0.17789,
        -0.17673,
        -0.17077,
        -0.15537,
        -0.15218,
        -0.14617,
        -0.06833,
        -0.16989,
        -0.18654,
        -0.1894,
        -0.18363,
        -0.17267,
        -0.16234,
        -0.16063,
        -0.06616,
        -0.17609,
        -0.19418,
        -0.19377,
        -0.19139,
        -0.18318,
        -0.17446,
        -0.16991,
        -0.03484,
        -0.13858,
        -0.15487,
        -0.16543,
        -0.16865,
        -0.16379,
        -0.15349,
        -0.15763,
        -0.03501,
        -0.14335,
        -0.16639,
        -0.17074,
        -0.17195,
        -0.16432,
        -0.15469,
        -0.15739,
        -0.05056,
        -0.14615,
        -0.16421,
        -0.17955,
        -0.18195,
        -0.17243,
        -0.17023,
        -0.16634
      ],
      "common_mode_frac_gJ": [
        0.94726,
        0.91521,
        0.90704,
        0.90474,
        0.90413,
        0.90923,
        0.91302,
        0.91413,
        0.94683,
        0.91491,
        0.90838,
        0.91112,
        0.9153,
        0.91869,
        0.9214,
        0.92601,
        0.94528,
        0.91594,
        0.90738,
        0.90887,
        0.91189,
        0.91386,
        0.91511,
        0.91771,
        0.94745,
        0.90946,
        0.90451,
        0.90428,
        0.90278,
        0.90734,
        0.91008,
        0.91425,
        0.94702,
        0.90748,
        0.89942,
        0.89497,
        0.8991,
        0.90583,
        0.90858,
        0.90823,
        0.94773,
        0.91198,
        0.90919,
        0.90228,
        0.9062,
        0.91325,
        0.91534,
        0.91989
      ],
      "common_mode_frac_gc": [
        0.91187,
        0.9095,
        0.9144,
        0.9113,
        0.91031,
        0.91207,
        0.90891,
        0.90929,
        0.95769,
        0.94658,
        0.95148,
        0.95531,
        0.95027,
        0.95081,
        0.95199,
        0.95368,
        0.97881,
        0.96775,
        0.96818,
        0.97257,
        0.96772,
        0.97029,
        0.97062,
        0.96615,
        0.92086,
        0.91375,
        0.91788,
        0.91498,
        0.91385,
        0.9139,
        0.91528,
        0.9167,
        0.9681,
        0.95589,
        0.96403,
        0.95874,
        0.96231,
        0.96429,
        0.96124,
        0.96036,
        0.93451,
        0.9221,
        0.92533,
        0.92729,
        0.92437,
        0.92923,
        0.92551,
        0.92628
      ],
      "R_global_per_step": [
        0.05917,
        0.22936,
        0.21826,
        0.21936,
        0.22906,
        0.24301,
        0.2527,
        0.26388,
        0.05812,
        0.22415,
        0.21568,
        0.21836,
        0.22466,
        0.23422,
        0.24541,
        0.25268,
        0.05936,
        0.22425,
        0.21609,
        0.21198,
        0.21686,
        0.22596,
        0.2384,
        0.24703,
        0.05791,
        0.21774,
        0.20765,
        0.20753,
        0.20971,
        0.2148,
        0.21931,
        0.22303,
        0.05835,
        0.22079,
        0.20838,
        0.20558,
        0.20501,
        0.2185,
        0.22745,
        0.23123,
        0.05948,
        0.22158,
        0.21151,
        0.2103,
        0.21358,
        0.2237,
        0.23279,
        0.24171
      ],
      "ratio_gJ_gc_mean": 2.357178104420503,
      "ratio_gJ_gc_max": 2.934645175933838,
      "common_mode_frac_gJ_mean": 0.9147937148809433,
      "R_global_first": 0.05916886031627655,
      "R_global_last": 0.24170511960983276,
      "R_global_rise": 0.1825362592935562
    }
  },
  "R_global_final_full": {
    "L0": 0.24686811616023382
  },
  "R_global_final_jzero": {
    "L0": 0.16814607878526053
  },
  "metrics_full": {
    "fgari": 0.4045818020072914,
    "mbo": 0.29757925793116946
  },
  "metrics_jzero": {
    "fgari": 0.21243237549356442,
    "mbo": 0.1470131615011332
  },
  "prediction": {
    "prediction": "ambiguous",
    "clauses": {
      "a_gJ_dominates": true,
      "b_gJ_common_mode": true,
      "c_raises_R_global": true,
      "d_fgari_unchanged": false,
      "delta_fgari_full_minus_jzero": 0.19215,
      "delta_mbo_full_minus_jzero": 0.15057
    },
    "decomp_layer_used": "L0",
    "thresholds": {
      "cm_thresh": 0.85,
      "ratio_thresh": 1.5,
      "fgari_tol": 3.0
    }
  },
  "prereg": "PREDICT severance INERT iff: (a) ratio_gJ_gc_mean>=ratio_thresh AND (b) common_mode_frac_gJ_mean>=cm_thresh AND (c) R_global rises / exceeds J-zero AND (d) |FG-ARI(full)-FG-ARI(Jzero)|<=fgari_tol pts. Falsifier: FG-ARI collapses under J-zero while g_J is NOT common-mode => coupling carries binding."
}