{
  "meta": {
    "ckpt": "runs/clvtex_pn05/ema_499.pth",
    "data": "clevrtex_full",
    "n_images": 48,
    "bs": 8,
    "n_clusters": 11,
    "imsize": 128,
    "device": "cuda",
    "J": "attn",
    "N": 4,
    "ch": 256,
    "L": 1,
    "T": 8,
    "psize": 8,
    "elapsed_s": 3.3,
    "load_info": {
      "load_kind": "ema.ema_model",
      "n_missing": 0,
      "n_unexpected": 0,
      "missing_head": [],
      "unexpected_head": []
    }
  },
  "decomposition": {
    "L0": {
      "gJ_norm": [
        2.68375,
        3.48351,
        4.05952,
        4.13247,
        4.25241,
        4.22408,
        4.21669,
        4.04349,
        2.66648,
        3.53485,
        4.16184,
        4.25685,
        4.37659,
        4.37422,
        4.32201,
        4.23138,
        2.67165,
        3.4086,
        3.99177,
        4.15806,
        4.26642,
        4.3145,
        4.30446,
        4.18127,
        2.64687,
        3.37349,
        3.94097,
        4.10891,
        4.25202,
        4.27827,
        4.18817,
        4.01884,
        2.64792,
        3.40717,
        4.09995,
        4.18556,
        4.33936,
        4.31918,
        4.15169,
        4.12756,
        2.62467,
        3.37994,
        3.94271,
        4.05392,
        4.14851,
        4.16096,
        4.1692,
        4.02467
      ],
      "gc_norm": [
        3.46948,
        3.0778,
        3.14409,
        3.18507,
        3.19135,
        3.20902,
        3.21009,
        3.21185,
        3.55989,
        3.15104,
        3.22865,
        3.27337,
        3.28053,
        3.29072,
        3.30059,
        3.29023,
        3.50481,
        3.11024,
        3.1739,
        3.21258,
        3.22738,
        3.24197,
        3.24333,
        3.25269,
        3.62319,
        3.19699,
        3.26109,
        3.28809,
        3.31419,
        3.3241,
        3.32941,
        3.3325,
        3.50334,
        3.10373,
        3.16283,
        3.21595,
        3.22701,
        3.24042,
        3.23628,
        3.23392,
        3.54124,
        3.13163,
        3.19582,
        3.22426,
        3.24194,
        3.25377,
        3.26641,
        3.26861
      ],
      "ratio_gJ_gc": [
        1.6866,
        2.31668,
        2.6198,
        2.57075,
        2.62474,
        2.58706,
        2.56929,
        2.48284,
        1.61566,
        2.26961,
        2.62345,
        2.60152,
        2.63459,
        2.62273,
        2.57604,
        2.52299,
        1.62664,
        2.20156,
        2.49724,
        2.53767,
        2.55192,
        2.58504,
        2.55643,
        2.48877,
        1.63533,
        2.20817,
        2.48476,
        2.51135,
        2.53574,
        2.54858,
        2.48816,
        2.39316,
        1.69761,
        2.31485,
        2.66615,
        2.65112,
        2.6964,
        2.6904,
        2.57183,
        2.54605,
        1.63527,
        2.23852,
        2.54094,
        2.54934,
        2.57924,
        2.55915,
        2.56511,
        2.46651
      ],
      "cos_gJ_gc": [
        0.10472,
        -0.11386,
        -0.18854,
        -0.20689,
        -0.2261,
        -0.23135,
        -0.24332,
        -0.23413,
        0.08754,
        -0.12975,
        -0.19561,
        -0.21244,
        -0.2285,
        -0.23521,
        -0.23297,
        -0.23938,
        0.09577,
        -0.13819,
        -0.20072,
        -0.21044,
        -0.23482,
        -0.24494,
        -0.25243,
        -0.24602,
        0.12593,
        -0.07882,
        -0.14552,
        -0.17361,
        -0.19754,
        -0.20887,
        -0.21357,
        -0.21372,
        0.11828,
        -0.10556,
        -0.1718,
        -0.18838,
        -0.21151,
        -0.21915,
        -0.22293,
        -0.23013,
        0.10079,
        -0.10608,
        -0.16491,
        -0.18643,
        -0.21513,
        -0.21629,
        -0.22996,
        -0.2245
      ],
      "common_mode_frac_gJ": [
        0.95196,
        0.91041,
        0.88739,
        0.88585,
        0.88607,
        0.8897,
        0.89059,
        0.89121,
        0.95312,
        0.91048,
        0.88573,
        0.88826,
        0.88819,
        0.89056,
        0.88982,
        0.89044,
        0.95148,
        0.9044,
        0.88402,
        0.87855,
        0.88063,
        0.88294,
        0.88663,
        0.88895,
        0.95374,
        0.90701,
        0.87913,
        0.8755,
        0.87885,
        0.88049,
        0.87847,
        0.87945,
        0.95294,
        0.90346,
        0.87474,
        0.87279,
        0.87513,
        0.87531,
        0.88157,
        0.88029,
        0.95382,
        0.90236,
        0.88187,
        0.87637,
        0.87798,
        0.8797,
        0.87793,
        0.88023
      ],
      "common_mode_frac_gc": [
        0.89936,
        0.87688,
        0.89104,
        0.8948,
        0.89277,
        0.89484,
        0.89507,
        0.89559,
        0.93935,
        0.9081,
        0.92923,
        0.93034,
        0.92956,
        0.93181,
        0.92897,
        0.93061,
        0.95058,
        0.91678,
        0.93299,
        0.93508,
        0.93539,
        0.93527,
        0.93634,
        0.93671,
        0.90523,
        0.87697,
        0.89695,
        0.89559,
        0.89371,
        0.89689,
        0.89633,
        0.90051,
        0.93315,
        0.90202,
        0.92065,
        0.92512,
        0.9199,
        0.92087,
        0.91625,
        0.92073,
        0.91353,
        0.88477,
        0.89731,
        0.90065,
        0.90294,
        0.90478,
        0.90276,
        0.90472
      ],
      "R_global_per_step": [
        0.05736,
        0.40137,
        0.42496,
        0.39839,
        0.39275,
        0.3923,
        0.40223,
        0.41249,
        0.05749,
        0.39496,
        0.41874,
        0.38564,
        0.37899,
        0.37574,
        0.38514,
        0.39646,
        0.05824,
        0.3985,
        0.41528,
        0.38539,
        0.37292,
        0.37421,
        0.38411,
        0.39459,
        0.05888,
        0.38906,
        0.41343,
        0.38634,
        0.36997,
        0.3616,
        0.36101,
        0.36457,
        0.06079,
        0.3915,
        0.4104,
        0.37919,
        0.366,
        0.36891,
        0.36737,
        0.37868,
        0.05659,
        0.38915,
        0.41674,
        0.39354,
        0.37757,
        0.36604,
        0.37736,
        0.38257
      ],
      "ratio_gJ_gc_mean": 2.4113200679421425,
      "ratio_gJ_gc_max": 2.696401834487915,
      "common_mode_frac_gJ_mean": 0.8943024178345998,
      "R_global_first": 0.05735727399587631,
      "R_global_last": 0.3825705647468567,
      "R_global_rise": 0.3252132907509804
    }
  },
  "R_global_final_full": {
    "L0": 0.3959772934516271
  },
  "R_global_final_jzero": {
    "L0": 0.30306000014146167
  },
  "metrics_full": {
    "fgari": 0.6536314773083559,
    "mbo": 0.4409821016924134
  },
  "metrics_jzero": {
    "fgari": 0.24769206702117333,
    "mbo": 0.14917479562251965
  },
  "prediction": {
    "prediction": "ambiguous",
    "clauses": {
      "a_gJ_dominates": true,
      "b_gJ_common_mode": true,
      "c_raises_R_global": true,
      "d_fgari_unchanged": false,
      "delta_fgari_full_minus_jzero": 0.40594,
      "delta_mbo_full_minus_jzero": 0.29181
    },
    "decomp_layer_used": "L0",
    "thresholds": {
      "cm_thresh": 0.85,
      "ratio_thresh": 1.5,
      "fgari_tol": 3.0
    }
  },
  "prereg": "PREDICT severance INERT iff: (a) ratio_gJ_gc_mean>=ratio_thresh AND (b) common_mode_frac_gJ_mean>=cm_thresh AND (c) R_global rises / exceeds J-zero AND (d) |FG-ARI(full)-FG-ARI(Jzero)|<=fgari_tol pts. Falsifier: FG-ARI collapses under J-zero while g_J is NOT common-mode => coupling carries binding."
}