{
  "arms": [
    "R6",
    "R6s",
    "R5:depthwise"
  ],
  "primary_off": "R6s",
  "eval_inits": 1,
  "epochs": 30,
  "fixes": "real-ablation(R6 vs R6s/depthwise)+eval_inits1+relational-desc+binding-construct",
  "per_seed": [
    {
      "seed": 9,
      "R6": {
        "1": {
          "marginal": {
            "cv": 0.32666666666666666,
            "chance": 0.2,
            "margin": 0.12666666666666665
          },
          "2nd_moment": {
            "cv": 0.3308333333333333,
            "chance": 0.2,
            "margin": 0.1308333333333333
          },
          "coh_eig": {
            "cv": 0.29500000000000004,
            "chance": 0.2,
            "margin": 0.09500000000000003
          },
          "cluster_occ": {
            "cv": 0.2058333333333333,
            "chance": 0.2,
            "margin": 0.0058333333333333015
          },
          "spatial4x4": {
            "cv": 0.35583333333333333,
            "chance": 0.2,
            "margin": 0.15583333333333332
          }
        },
        "2": {
          "marginal": {
            "cv": 0.39666666666666667,
            "chance": 0.2,
            "margin": 0.19666666666666666
          },
          "2nd_moment": {
            "cv": 0.3641666666666667,
            "chance": 0.2,
            "margin": 0.16416666666666668
          },
          "coh_eig": {
            "cv": 0.325,
            "chance": 0.2,
            "margin": 0.125
          },
          "cluster_occ": {
            "cv": 0.2966666666666667,
            "chance": 0.2,
            "margin": 0.09666666666666668
          },
          "spatial4x4": {
            "cv": 0.42666666666666664,
            "chance": 0.2,
            "margin": 0.22666666666666663
          }
        }
      },
      "R6s": {
        "1": {
          "marginal": {
            "cv": 0.31333333333333335,
            "chance": 0.2,
            "margin": 0.11333333333333334
          },
          "2nd_moment": {
            "cv": 0.3725,
            "chance": 0.2,
            "margin": 0.1725
          },
          "coh_eig": {
            "cv": 0.3025,
            "chance": 0.2,
            "margin": 0.10249999999999998
          },
          "cluster_occ": {
            "cv": 0.18583333333333335,
            "chance": 0.2,
            "margin": -0.01416666666666666
          },
          "spatial4x4": {
            "cv": 0.38583333333333336,
            "chance": 0.2,
            "margin": 0.18583333333333335
          }
        },
        "2": {
          "marginal": {
            "cv": 0.4058333333333334,
            "chance": 0.2,
            "margin": 0.20583333333333337
          },
          "2nd_moment": {
            "cv": 0.39249999999999996,
            "chance": 0.2,
            "margin": 0.19249999999999995
          },
          "coh_eig": {
            "cv": 0.41000000000000003,
            "chance": 0.2,
            "margin": 0.21000000000000002
          },
          "cluster_occ": {
            "cv": 0.23333333333333334,
            "chance": 0.2,
            "margin": 0.033333333333333326
          },
          "spatial4x4": {
            "cv": 0.43583333333333335,
            "chance": 0.2,
            "margin": 0.23583333333333334
          }
        }
      },
      "R5:depthwise": {
        "1": {
          "marginal": {
            "cv": 0.26749999999999996,
            "chance": 0.2,
            "margin": 0.06749999999999995
          },
          "2nd_moment": {
            "cv": 0.3225,
            "chance": 0.2,
            "margin": 0.1225
          },
          "coh_eig": {
            "cv": 0.23583333333333334,
            "chance": 0.2,
            "margin": 0.03583333333333333
          },
          "cluster_occ": {
            "cv": 0.19833333333333333,
            "chance": 0.2,
            "margin": -0.0016666666666666774
          },
          "spatial4x4": {
            "cv": 0.32333333333333336,
            "chance": 0.2,
            "margin": 0.12333333333333335
          }
        },
        "2": {
          "marginal": {
            "cv": 0.35500000000000004,
            "chance": 0.2,
            "margin": 0.15500000000000003
          },
          "2nd_moment": {
            "cv": 0.35500000000000004,
            "chance": 0.2,
            "margin": 0.15500000000000003
          },
          "coh_eig": {
            "cv": 0.3491666666666666,
            "chance": 0.2,
            "margin": 0.14916666666666661
          },
          "cluster_occ": {
            "cv": 0.27749999999999997,
            "chance": 0.2,
            "margin": 0.07749999999999996
          },
          "spatial4x4": {
            "cv": 0.3325,
            "chance": 0.2,
            "margin": 0.1325
          }
        }
      }
    },
    {
      "seed": 10,
      "R6": {
        "1": {
          "marginal": {
            "cv": 0.39166666666666666,
            "chance": 0.2,
            "margin": 0.19166666666666665
          },
          "2nd_moment": {
            "cv": 0.4375,
            "chance": 0.2,
            "margin": 0.2375
          },
          "coh_eig": {
            "cv": 0.3875,
            "chance": 0.2,
            "margin": 0.1875
          },
          "cluster_occ": {
            "cv": 0.25083333333333335,
            "chance": 0.2,
            "margin": 0.05083333333333334
          },
          "spatial4x4": {
            "cv": 0.40083333333333326,
            "chance": 0.2,
            "margin": 0.20083333333333325
          }
        },
        "2": {
          "marginal": {
            "cv": 0.3566666666666667,
            "chance": 0.2,
            "margin": 0.15666666666666668
          },
          "2nd_moment": {
            "cv": 0.41916666666666663,
            "chance": 0.2,
            "margin": 0.21916666666666662
          },
          "coh_eig": {
            "cv": 0.39166666666666666,
            "chance": 0.2,
            "margin": 0.19166666666666665
          },
          "cluster_occ": {
            "cv": 0.275,
            "chance": 0.2,
            "margin": 0.07500000000000001
          },
          "spatial4x4": {
            "cv": 0.3875,
            "chance": 0.2,
            "margin": 0.1875
          }
        }
      },
      "R6s": {
        "1": {
          "marginal": {
            "cv": 0.31999999999999995,
            "chance": 0.2,
            "margin": 0.11999999999999994
          },
          "2nd_moment": {
            "cv": 0.30416666666666664,
            "chance": 0.2,
            "margin": 0.10416666666666663
          },
          "coh_eig": {
            "cv": 0.2758333333333333,
            "chance": 0.2,
            "margin": 0.07583333333333331
          },
          "cluster_occ": {
            "cv": 0.2033333333333333,
            "chance": 0.2,
            "margin": 0.0033333333333332993
          },
          "spatial4x4": {
            "cv": 0.3475,
            "chance": 0.2,
            "margin": 0.14749999999999996
          }
        },
        "2": {
          "marginal": {
            "cv": 0.37333333333333335,
            "chance": 0.2,
            "margin": 0.17333333333333334
          },
          "2nd_moment": {
            "cv": 0.3858333333333333,
            "chance": 0.2,
            "margin": 0.1858333333333333
          },
          "coh_eig": {
            "cv": 0.305,
            "chance": 0.2,
            "margin": 0.10499999999999998
          },
          "cluster_occ": {
            "cv": 0.2441666666666667,
            "chance": 0.2,
            "margin": 0.04416666666666669
          },
          "spatial4x4": {
            "cv": 0.37750000000000006,
            "chance": 0.2,
            "margin": 0.17750000000000005
          }
        }
      },
      "R5:depthwise": {
        "1": {
          "marginal": {
            "cv": 0.34833333333333333,
            "chance": 0.2,
            "margin": 0.14833333333333332
          },
          "2nd_moment": {
            "cv": 0.40166666666666667,
            "chance": 0.2,