{
  "arms": [
    "R6",
    "R6s",
    "R5:depthwise"
  ],
  "primary_off": "R6s",
  "eval_inits": 1,
  "epochs": 30,
  "fixes": "real-ablation(R6 vs R6s/depthwise)+eval_inits1+relational-desc+binding-construct",
  "per_seed": [
    {
      "seed": 6,
      "R6": {
        "1": {
          "marginal": {
            "cv": 0.42833333333333334,
            "chance": 0.2,
            "margin": 0.22833333333333333
          },
          "2nd_moment": {
            "cv": 0.4341666666666667,
            "chance": 0.2,
            "margin": 0.2341666666666667
          },
          "coh_eig": {
            "cv": 0.43500000000000005,
            "chance": 0.2,
            "margin": 0.23500000000000004
          },
          "cluster_occ": {
            "cv": 0.27666666666666667,
            "chance": 0.2,
            "margin": 0.07666666666666666
          },
          "spatial4x4": {
            "cv": 0.4541666666666667,
            "chance": 0.2,
            "margin": 0.2541666666666667
          }
        },
        "2": {
          "marginal": {
            "cv": 0.42333333333333334,
            "chance": 0.2,
            "margin": 0.22333333333333333
          },
          "2nd_moment": {
            "cv": 0.4225,
            "chance": 0.2,
            "margin": 0.22249999999999998
          },
          "coh_eig": {
            "cv": 0.37333333333333335,
            "chance": 0.2,
            "margin": 0.17333333333333334
          },
          "cluster_occ": {
            "cv": 0.25916666666666666,
            "chance": 0.2,
            "margin": 0.059166666666666645
          },
          "spatial4x4": {
            "cv": 0.4125,
            "chance": 0.2,
            "margin": 0.21249999999999997
          }
        }
      },
      "R6s": {
        "1": {
          "marginal": {
            "cv": 0.3025,
            "chance": 0.2,
            "margin": 0.10249999999999998
          },
          "2nd_moment": {
            "cv": 0.2875,
            "chance": 0.2,
            "margin": 0.08749999999999997
          },
          "coh_eig": {
            "cv": 0.26416666666666666,
            "chance": 0.2,
            "margin": 0.06416666666666665
          },
          "cluster_occ": {
            "cv": 0.22416666666666668,
            "chance": 0.2,
            "margin": 0.02416666666666667
          },
          "spatial4x4": {
            "cv": 0.3158333333333333,
            "chance": 0.2,
            "margin": 0.11583333333333329
          }
        },
        "2": {
          "marginal": {
            "cv": 0.33916666666666667,
            "chance": 0.2,
            "margin": 0.13916666666666666
          },
          "2nd_moment": {
            "cv": 0.315,
            "chance": 0.2,
            "margin": 0.11499999999999999
          },
          "coh_eig": {
            "cv": 0.27999999999999997,
            "chance": 0.2,
            "margin": 0.07999999999999996
          },
          "cluster_occ": {
            "cv": 0.25083333333333335,
            "chance": 0.2,
            "margin": 0.05083333333333334
          },
          "spatial4x4": {
            "cv": 0.365,
            "chance": 0.2,
            "margin": 0.16499999999999998
          }
        }
      },
      "R5:depthwise": {
        "1": {
          "marginal": {
            "cv": 0.29250000000000004,
            "chance": 0.2,
            "margin": 0.09250000000000003
          },
          "2nd_moment": {
            "cv": 0.2891666666666667,
            "chance": 0.2,
            "margin": 0.08916666666666667
          },
          "coh_eig": {
            "cv": 0.265,
            "chance": 0.2,
            "margin": 0.065
          },
          "cluster_occ": {
            "cv": 0.19583333333333336,
            "chance": 0.2,
            "margin": -0.004166666666666652
          },
          "spatial4x4": {
            "cv": 0.27583333333333326,
            "chance": 0.2,
            "margin": 0.07583333333333325
          }
        },
        "2": {
          "marginal": {
            "cv": 0.30666666666666664,
            "chance": 0.2,
            "margin": 0.10666666666666663
          },
          "2nd_moment": {
            "cv": 0.2925,
            "chance": 0.2,
            "margin": 0.09249999999999997
          },
          "coh_eig": {
            "cv": 0.3075,
            "chance": 0.2,
            "margin": 0.10749999999999998
          },
          "cluster_occ": {
            "cv": 0.20749999999999996,
            "chance": 0.2,
            "margin": 0.007499999999999951
          },
          "spatial4x4": {
            "cv": 0.33333333333333337,
            "chance": 0.2,
            "margin": 0.13333333333333336
          }
        }
      }
    },
    {
      "seed": 7,
      "R6": {
        "1": {
          "marginal": {
            "cv": 0.33833333333333326,
            "chance": 0.2,
            "margin": 0.13833333333333325
          },
          "2nd_moment": {
            "cv": 0.36833333333333335,
            "chance": 0.2,
            "margin": 0.16833333333333333
          },
          "coh_eig": {
            "cv": 0.32,
            "chance": 0.2,
            "margin": 0.12
          },
          "cluster_occ": {
            "cv": 0.24833333333333335,
            "chance": 0.2,
            "margin": 0.04833333333333334
          },
          "spatial4x4": {
            "cv": 0.37,
            "chance": 0.2,
            "margin": 0.16999999999999998
          }
        },
        "2": {
          "marginal": {
            "cv": 0.3325,
            "chance": 0.2,
            "margin": 0.1325
          },
          "2nd_moment": {
            "cv": 0.37333333333333335,
            "chance": 0.2,
            "margin": 0.17333333333333334
          },
          "coh_eig": {
            "cv": 0.355,
            "chance": 0.2,
            "margin": 0.15499999999999997
          },
          "cluster_occ": {
            "cv": 0.2833333333333333,
            "chance": 0.2,
            "margin": 0.08333333333333331
          },
          "spatial4x4": {
            "cv": 0.3633333333333334,
            "chance": 0.2,
            "margin": 0.16333333333333339
          }
        }
      },
      "R6s": {
        "1": {
          "marginal": {
            "cv": 0.3241666666666667,
            "chance": 0.2,
            "margin": 0.1241666666666667
          },
          "2nd_moment": {
            "cv": 0.33833333333333326,
            "chance": 0.2,
            "margin": 0.13833333333333325
          },
          "coh_eig": {
            "cv": 0.26749999999999996,
            "chance": 0.2,
            "margin": 0.06749999999999995
          },
          "cluster_occ": {
            "cv": 0.21916666666666668,
            "chance": 0.2,
            "margin": 0.019166666666666665
          },
          "spatial4x4": {
            "cv": 0.34500000000000003,
            "chance": 0.2,
            "margin": 0.14500000000000002
          }
        },
        "2": {
          "marginal": {
            "cv": 0.37583333333333335,
            "chance": 0.2,
            "margin": 0.17583333333333334
          },
          "2nd_moment": {
            "cv": 0.4091666666666667,
            "chance": 0.2,
            "margin": 0.20916666666666667
          },
          "coh_eig": {
            "cv": 0.38083333333333336,
            "chance": 0.2,
            "margin": 0.18083333333333335
          },
          "cluster_occ": {
            "cv": 0.31916666666666665,
            "chance": 0.2,
            "margin": 0.11916666666666664
          },
          "spatial4x4": {
            "cv": 0.3891666666666667,
            "chance": 0.2,
            "margin": 0.1891666666666667
          }
        }
      },
      "R5:depthwise": {
        "1": {
          "marginal": {
            "cv": 0.35833333333333334,
            "chance": 0.2,
            "margin": 0.15833333333333333
          },
          "2nd_moment": {
            "cv": 0.35416666666666663,