{
  "runs": [
    {
      "arm": "R6",
      "seed": 0,
      "learn_acc": 0.6033333333333333,
      "final_acc": 0.13999999999999999,
      "forgetting": 0.5791666666666666,
      "wrong_ctx_dP5": -0.009999999999999986,
      "acc_matrix": [
        [
          0.6333333333333333,
          0.0,
          0.0,
          0.0,
          0.0
        ],
        [
          0.0,
          0.5583333333333333,
          0.0,
          0.0,
          0.0
        ],
        [
          0.0,
          0.0,
          0.55,
          0.0,
          0.0
        ],
        [
          0.0,
          0.0,
          0.0,
          0.575,
          0.0
        ],
        [
          0.0,
          0.0,
          0.0,
          0.0,
          0.7
        ]
      ]
    },
    {
      "arm": "R6",
      "seed": 1,
      "learn_acc": 0.59,
      "final_acc": 0.12,
      "forgetting": 0.5874999999999999,
      "wrong_ctx_dP5": -0.006666666666666665,
      "acc_matrix": [
        [
          0.5666666666666667,
          0.0,
          0.0,
          0.0,
          0.0
        ],
        [
          0.0,
          0.5833333333333334,
          0.0,
          0.0,
          0.0
        ],
        [
          0.0,
          0.0,
          0.6333333333333333,
          0.0,
          0.0
        ],
        [
          0.0,
          0.0,
          0.0,
          0.5666666666666667,
          0.0
        ],
        [
          0.0,
          0.0,
          0.0,
          0.0,
          0.6
        ]
      ]
    },
    {
      "arm": "R6",
      "seed": 2,
      "learn_acc": 0.6333333333333333,
      "final_acc": 0.11666666666666667,
      "forgetting": 0.6458333333333333,
      "wrong_ctx_dP5": -0.006666666666666665,
      "acc_matrix": [
        [
          0.7583333333333333,
          0.0,
          0.0,
          0.0,
          0.0
        ],
        [
          0.0,
          0.48333333333333334,
          0.0,
          0.0,
          0.0
        ],
        [
          0.0,
          0.0,
          0.6583333333333333,
          0.0,
          0.0
        ],
        [
          0.0,
          0.0,
          0.0,
          0.6833333333333333,
          0.0
        ],
        [
          0.0,
          0.0,
          0.0,
          0.0,
          0.5833333333333334
        ]
      ]
    }
  ]
}