{
  "runs": [
    {
      "arm": "R6s",
      "seed": 0,
      "beta": 0.0,
      "learn_acc": 0.5983333587646484,
      "final_acc": 0.12166666984558105,
      "forgetting": 0.5958333611488342,
      "wrong_ctx_dP5": -0.0033333301544189453,
      "acc_matrix": [
        [
          0.6500000357627869,
          0.0,
          0.0,
          0.0,
          0.0
        ],
        [
          0.0,
          0.5916666984558105,
          0.0,
          0.0,
          0.0
        ],
        [
          0.0,
          0.0,
          0.5833333730697632,
          0.0,
          0.0
        ],
        [
          0.0,
          0.0,
          0.0,
          0.5583333373069763,
          0.0
        ],
        [
          0.0,
          0.0,
          0.0,
          0.0,
          0.6083333492279053
        ]
      ]
    },
    {
      "arm": "R6s",
      "seed": 0,
      "beta": 0.3,
      "learn_acc": 0.6783333659172058,
      "final_acc": 0.12333333492279053,
      "forgetting": 0.6937500387430191,
      "wrong_ctx_dP5": -0.0016666650772094727,
      "acc_matrix": [
        [
          0.675000011920929,
          0.0,
          0.0,
          0.0,
          0.0
        ],
        [
          0.0,
          0.5833333730697632,
          0.0,
          0.0,
          0.0
        ],
        [
          0.0,
          0.0,
          0.8000000715255737,
          0.0,
          0.0
        ],
        [
          0.0,
          0.0,
          0.0,
          0.7166666984558105,
          0.0
        ],
        [
          0.0,
          0.0,
          0.0,
          0.0,
          0.6166666746139526
        ]
      ]
    },
    {
      "arm": "R6s",
      "seed": 0,
      "beta": 1.0,
      "learn_acc": 0.5850000262260437,
      "final_acc": 0.12500001192092897,
      "forgetting": 0.5750000178813934,
      "wrong_ctx_dP5": -0.010000002384185792,
      "acc_matrix": [
        [
          0.6583333611488342,
          0.0,
          0.0,
          0.0,
          0.0
        ],
        [
          0.0,
          0.5416666865348816,
          0.0,
          0.0,
          0.0
        ],
        [
          0.0,
          0.0,
          0.5583333373069763,
          0.0,
          0.0
        ],
        [
          0.0,
          0.0,
          0.0,
          0.5416666865348816,
          0.0
        ],
        [
          0.0,
          0.0,
          0.0,
          0.0,
          0.6250000596046448
        ]
      ]
    },
    {
      "arm": "R6s",
      "seed": 0,
      "beta": 3.0,
      "learn_acc": 0.5850000262260437,
      "final_acc": 0.10833333730697632,
      "forgetting": 0.5958333611488342,
      "wrong_ctx_dP5": -0.0016666650772094727,
      "acc_matrix": [
        [
          0.7000000476837158,
          0.0,
          0.0,
          0.0,
          0.0
        ],
        [
          0.0,
          0.5833333730697632,
          0.0,
          0.0,
          0.0
        ],
        [
          0.0,
          0.0,
          0.5,
          0.0,
          0.0
        ],
        [
          0.0,
          0.0,
          0.0,
          0.6000000238418579,
          0.0
        ],
        [
          0.0,
          0.0,
          0.0,
          0.0,
          0.5416666865348816
        ]
      ]
    },
    {
      "arm": "R6s",
      "seed": 0,
      "beta": 10.0,
      "learn_acc": 0.5433333516120911,
      "final_acc": 0.1,
      "forgetting": 0.5541666895151138,
      "wrong_ctx_dP5": 0.0016666769981384278,
      "acc_matrix": [
        [
          0.6083333492279053,
          0.0,
          0.0,
          0.0,
          0.0
        ],
        [
          0.0,
          0.5416666865348816,
          0.0,
          0.0,
          0.0
        ],
        [
          0.0,
          0.0,
          0.5583333373069763,
          0.0,
          0.0
        ],
        [
          0.0,
          0.0,
          0.0,
          0.5083333849906921,
          0.0
        ],
        [
          0.0,
          0.0,
          0.0,
          0.0,
          0.5
        ]
      ]
    },
    {
      "arm": "R6s",
      "seed": 0,
      "beta": 30.0,
      "learn_acc": 0.496666693687439,
      "final_acc": 0.1,
      "forgetting": 0.4958333671092987,
      "wrong_ctx_dP5": 0.0,
      "acc_matrix": [
        [
          0.6333333849906921,
          0.0,
          0.0,
          0.0,
          0.0
        ],
        [
          0.1666666716337204,
          0.34166669845581055,
          0.0,
          0.0,
          0.0
        ],
        [
          0.0,
          0.0,
          0.5083333849906921,
          0.0,
          0.0
        ],
        [
          0.0,
          0.0,
          0.0,
          0.5,
          0.0
        ],
        [
          0.0,
          0.0,
          0.0,
          0.0,
          0.5
        ]
      ]
    },
    {
      "arm": "R6s",
      "seed": 0,
      "beta": 0.1,
      "mech": "replay",
      "learn_acc": 0.49500003457069397,
      "final_acc": 0.12666667699813844,
      "forgetting": 0.4604166969656944,
      "wrong_ctx_dP5": -0.01833333969116211,
      "acc_matrix": [
        [
          0.6250000596046448,
          0.0,
          0.0,
          0.0,
          0.0
        ],
        [
          0.4750000238418579,
          0.09166666865348816,
          0.0,
          0.0,
          0.0
        ],
        [
          0.0,
          0.0,
          0.5083333849906921,
          0.0,
          0.0
        ],
        [
          0.0,
          0.0,
          0.0,
          0.6166666746139526,
          0.0
        ],
        [
          0.0,
          0.0,
          0.0,
          0.0,
          0.6333333849906921
        ]
      ]
    },
    {
      "arm": "R6s",
      "seed": 1,
      "beta": 0.1,
      "mech": "replay",
      "learn_acc": 0.4766666978597641,
      "final_acc": 0.1100000023841858,
      "forgetting": 0.4583333693444729,
      "wrong_ctx_dP5": 0.0016666650772094727,
      "acc_matrix": [
        [
          0.5750000476837158,
          0.0,
          0.0,
          0.0,
          0.0
        ],
        [
          0.30000001192092896,
          0.21666668355464935,
          0.0,
          0.0,
          0.0
        ],
        [
          0.0,
          0.0,
          0.46666669845581055,
          0.0,
          0.0
        ],
        [
          0.0,
          0.0,
          0.0,
          0.5750000476837158,
          0.0
        ],
        [
          0.0,
          0.0,
          0.0,
          0.0,
          0.550000011920929
        ]
      ]
    },
    {
      "arm": "R6s",
      "seed": 2,
      "beta": 0.1,
      "mech": "replay",
      "learn_acc": 0.48333336114883424,
      "final_acc": 0.1100000023841858,
      "forgetting": 0.46666669845581055,
      "wrong_ctx_dP5": -0.0033333301544189453,
      "acc_matrix": [
        [
          0.675000011920929,
          0.0,
          0.0,
          0.0,
          0.0
        ],
        [
          0.5,
          0.0,
          0.0,
          0.0,
          0.0
        ],
        [
          0.0,
          0.0,
          0.5083333849906921,
          0.0,
          0.0
        ],
        [
          0.0,
          0.0,
          0.0,
          0.6833333969116211,
          0.0
        ],
        [
          0.0,
          0.0,
          0.0,
          0.0,
          0.550000011920929
        ]
      ]
    },
    {
      "arm": "R6s",
      "seed": 3,
      "beta": 0.1,
      "mech": "replay",
      "learn_acc": 0.43166667222976685,
      "final_acc": 0.1,
      "forgetting": 0.41458334028720856,
      "wrong_ctx_dP5": 0.0,