{
  "runs": [
    {
      "arm": "R6",
      "seed": 0,
      "beta": 0.1,
      "learn_acc": 0.3,
      "final_acc": 0.1,
      "forgetting": 0.25,
      "wrong_ctx_dP5": 0.0,
      "acc_matrix": [
        [
          0.5,
          0.0,
          0.0,
          0.0,
          0.0
        ],
        [
          0.5250000357627869,
          0.0,
          0.0,
          0.0,
          0.0
        ],
        [
          0.0,
          0.5,
          0.0,
          0.0,
          0.0
        ],
        [
          0.0,
          0.0,
          0.0,
          0.5,
          0.0
        ],
        [
          0.0,
          0.0,
          0.0,
          0.0,
          0.5
        ]
      ]
    },
    {
      "arm": "R6",
      "seed": 0,
      "beta": 0.0,
      "learn_acc": 0.596666693687439,
      "final_acc": 0.13333333730697633,
      "forgetting": 0.5791666954755783,
      "wrong_ctx_dP5": -0.004999995231628418,
      "acc_matrix": [
        [
          0.6333333849906921,
          0.0,
          0.0,
          0.0,
          0.0
        ],
        [
          0.0,
          0.5833333730697632,
          0.0,
          0.0,
          0.0
        ],
        [
          0.0,
          0.0,
          0.5583333373069763,
          0.0,
          0.0
        ],
        [
          0.0,
          0.0,
          0.0,
          0.5416666865348816,
          0.0
        ],
        [
          0.0,
          0.0,
          0.0,
          0.0,
          0.6666666865348816
        ]
      ]
    },
    {
      "arm": "R6",
      "seed": 0,
      "beta": 0.3,
      "learn_acc": 0.6833333611488343,
      "final_acc": 0.13000000715255738,
      "forgetting": 0.6916666924953461,
      "wrong_ctx_dP5": -0.02333333492279053,
      "acc_matrix": [
        [
          0.8583333492279053,
          0.0,
          0.0,
          0.0,
          0.0
        ],
        [
          0.0,
          0.6416667103767395,
          0.0,
          0.0,
          0.0
        ],
        [
          0.0,
          0.0,
          0.6000000238418579,
          0.0,
          0.0
        ],
        [
          0.0,
          0.0,
          0.0,
          0.6666666865348816,
          0.0
        ],
        [
          0.0,
          0.0,
          0.0,
          0.0,
          0.6500000357627869
        ]
      ]
    },
    {
      "arm": "R6",
      "seed": 0,
      "beta": 1.0,
      "learn_acc": 0.5500000238418579,
      "final_acc": 0.10666667222976685,
      "forgetting": 0.5541666895151138,
      "wrong_ctx_dP5": 0.0,
      "acc_matrix": [
        [
          0.6000000238418579,
          0.0,
          0.0,
          0.0,
          0.0
        ],
        [
          0.0,
          0.5416666865348816,
          0.0,
          0.0,
          0.0
        ],
        [
          0.0,
          0.0,
          0.5583333373069763,
          0.0,
          0.0
        ],
        [
          0.0,
          0.0,
          0.0,
          0.5166667103767395,
          0.0
        ],
        [
          0.0,
          0.0,
          0.0,
          0.0,
          0.5333333611488342
        ]
      ]
    },
    {
      "arm": "R6",
      "seed": 0,
      "beta": 3.0,
      "learn_acc": 0.5533333539962768,
      "final_acc": 0.1100000023841858,
      "forgetting": 0.5541666895151138,
      "wrong_ctx_dP5": 0.0,
      "acc_matrix": [
        [
          0.6083333492279053,
          0.0,
          0.0,
          0.0,
          0.0
        ],
        [
          0.0,
          0.5666667222976685,
          0.0,
          0.0,
          0.0
        ],
        [
          0.0,
          0.0,
          0.5,
          0.0,
          0.0
        ],
        [
          0.0,
          0.0,
          0.0,
          0.5416666865348816,
          0.0
        ],
        [
          0.0,
          0.0,
          0.0,
          0.0,
          0.550000011920929
        ]
      ]
    },
    {
      "arm": "R6",
      "seed": 0,
      "beta": 10.0,
      "learn_acc": 0.5666666865348816,
      "final_acc": 0.1,
      "forgetting": 0.583333358168602,
      "wrong_ctx_dP5": 0.0,
      "acc_matrix": [
        [
          0.6833333969116211,
          0.0,
          0.0,
          0.0,
          0.0
        ],
        [
          0.0,
          0.550000011920929,
          0.0,
          0.0,
          0.0
        ],
        [
          0.0,
          0.0,
          0.5,
          0.0,
          0.0
        ],
        [
          0.0,
          0.0,
          0.0,
          0.6000000238418579,
          0.0
        ],
        [
          0.0,
          0.0,
          0.0,
          0.0,
          0.5
        ]
      ]
    },
    {
      "arm": "R6",
      "seed": 0,
      "beta": 30.0,
      "learn_acc": 0.5050000131130219,
      "final_acc": 0.1,
      "forgetting": 0.5062500163912773,
      "wrong_ctx_dP5": 0.0066666722297668455,
      "acc_matrix": [
        [
          0.6333333849906921,
          0.0,
          0.0,
          0.0,
          0.0
        ],
        [
          0.1666666716337204,
          0.3916666805744171,
          0.0,
          0.0,
          0.0
        ],
        [
          0.0,
          0.0,
          0.5,
          0.0,
          0.0
        ],
        [
          0.0,
          0.0,
          0.0,
          0.5,
          0.0
        ],
        [
          0.0,
          0.0,
          0.0,
          0.0,
          0.5
        ]
      ]
    },
    {
      "arm": "R6",
      "seed": 0,
      "beta": 0.1,
      "mech": "replay",
      "learn_acc": 0.3150000095367432,
      "final_acc": 0.1,
      "forgetting": 0.26875001192092896,
      "wrong_ctx_dP5": 0.0,
      "acc_matrix": [
        [
          0.5750000476837158,
          0.0,
          0.0,
          0.0,
          0.0
        ],
        [
          0.5,
          0.0,
          0.0,
          0.0,
          0.0
        ],
        [
          0.0,
          0.5,
          0.0,
          0.0,
          0.0
        ],
        [
          0.0,
          0.0,
          0.0,
          0.5,
          0.0
        ],
        [
          0.0,
          0.0,
          0.0,
          0.0,
          0.5
        ]
      ]
    },
    {
      "arm": "R6",
      "seed": 0,
      "beta": 0.1,
      "mech": "replay",
      "learn_acc": 0.7816667079925537,
      "final_acc": 0.2333333432674408,
      "forgetting": 0.6854167059063911,
      "wrong_ctx_dP5": -0.18166667222976685,
      "acc_matrix": [
        [
          0.8833333849906921,
          0.0,
          0.0,
          0.0,
          0.0
        ],
        [
          0.5083333849906921,
          0.5166667103767395,
          0.0,
          0.0,
          0.0
        ],
        [
          0.0416666679084301,
          0.0,
          0.8583333492279053,
          0.0,
          0.0
        ],
        [
          0.0,
          0.0,
          0.0,
          0.9333333969116211,
          0.0
        ],
        [
          0.45000001788139343,
          0.0,
          0.0,
          0.0,
          0.7166666984558105
        ]
      ]
    },
    {
      "arm": "R6",
      "seed": 1,
      "beta": 0.1,
      "mech": "replay",
      "learn_acc": 0.5566666977480054,
      "final_acc": 0.1716666802763939,
      "forgetting": 0.4812500218395144,
      "wrong_ctx_dP5": -0.07833334058523178,
      "acc_matrix": [
        [
          0.5333333611488342,
          0.0,
          0.0,
          0.0,
          0.0
        ],
        [
          0.5,
          0.008333333767950535,
          0.0,
          0.0,
          0.0
        ],
        [
          0.0,
          0.0,
          0.6333333849906921,
          0.0,
          0.0
        ],
        [
          0.0,
          0.0,
          0.0,
          0.8583333492279053,
          0.0
        ],
        [
          0.10833334177732468,
          0.0,
          0.0,
          0.0,
          0.7500000596046448
        ]
      ]
    },
    {
      "arm": "R6",
      "seed": 2,
      "beta": 0.1,
      "mech": "replay",