{
  "runs": [
    {
      "arm": "R6s",
      "seed": 0,
      "learn_acc": 0.5900000000000001,
      "final_acc": 0.12666666666666665,
      "forgetting": 0.5791666666666667,
      "wrong_ctx_dP5": 0.0033333333333333435,
      "acc_matrix": [
        [
          0.6666666666666666,
          0.0,
          0.0,
          0.0,
          0.0
        ],
        [
          0.0,
          0.5666666666666667,
          0.0,
          0.0,
          0.0
        ],
        [
          0.0,
          0.0,
          0.5583333333333333,
          0.0,
          0.0
        ],
        [
          0.0,
          0.0,
          0.0,
          0.525,
          0.0
        ],
        [
          0.0,
          0.0,
          0.0,
          0.0,
          0.6333333333333333
        ]
      ]
    },
    {
      "arm": "R6s",
      "seed": 1,
      "learn_acc": 0.645,
      "final_acc": 0.14833333333333334,
      "forgetting": 0.6208333333333333,
      "wrong_ctx_dP5": -0.03833333333333333,
      "acc_matrix": [
        [
          0.5666666666666667,
          0.0,
          0.0,
          0.0,
          0.0
        ],
        [
          0.0,
          0.6666666666666666,
          0.0,
          0.0,
          0.0
        ],
        [
          0.0,
          0.0,
          0.5916666666666667,
          0.0,
          0.0
        ],
        [
          0.0,
          0.0,
          0.0,
          0.6583333333333333,
          0.0
        ],
        [
          0.0,
          0.0,
          0.0,
          0.0,
          0.7416666666666667
        ]
      ]
    },
    {
      "arm": "R6s",
      "seed": 2,
      "learn_acc": 0.605,
      "final_acc": 0.10666666666666666,
      "forgetting": 0.6229166666666667,
      "wrong_ctx_dP5": -0.0016666666666666607,
      "acc_matrix": [
        [
          0.7083333333333334,
          0.0,
          0.0,
          0.0,
          0.0
        ],
        [
          0.0,
          0.4666666666666667,
          0.0,
          0.0,
          0.0
        ],
        [
          0.0,
          0.0,
          0.575,
          0.0,
          0.0
        ],
        [
          0.0,
          0.0,
          0.0,
          0.7416666666666667,
          0.0
        ],
        [
          0.0,
          0.0,
          0.0,
          0.0,
          0.5333333333333333
        ]
      ]
    }
  ]
}