{
  "arms": [
    "R6",
    "R5:no_proj"
  ],
  "descriptors": [
    "marginal",
    "2nd_moment",
    "coh_eig",
    "cluster_occ",
    "spatial4x4"
  ],
  "relational": [
    "2nd_moment",
    "coh_eig",
    "cluster_occ",
    "spatial4x4"
  ],
  "rescue_delta": 0.05,
  "rescue_over_marginal": 0.04,
  "primary_layer": 2,
  "n_tasks": 5,
  "epochs": 30,
  "per_seed": [
    {
      "seed": 0,
      "R6": {
        "1": {
          "marginal": {
            "cv": 0.3325,
            "chance": 0.2,
            "margin": 0.1325
          },
          "2nd_moment": {
            "cv": 0.3633333333333333,
            "chance": 0.2,
            "margin": 0.16333333333333327
          },
          "coh_eig": {
            "cv": 0.2308333333333333,
            "chance": 0.2,
            "margin": 0.030833333333333296
          },
          "cluster_occ": {
            "cv": 0.21999999999999997,
            "chance": 0.2,
            "margin": 0.019999999999999962
          },
          "spatial4x4": {
            "cv": 0.42416666666666664,
            "chance": 0.2,
            "margin": 0.22416666666666663
          }
        },
        "2": {
          "marginal": {
            "cv": 0.38666666666666666,
            "chance": 0.2,
            "margin": 0.18666666666666665
          },
          "2nd_moment": {
            "cv": 0.31333333333333335,
            "chance": 0.2,
            "margin": 0.11333333333333334
          },
          "coh_eig": {
            "cv": 0.22749999999999998,
            "chance": 0.2,
            "margin": 0.02749999999999997
          },
          "cluster_occ": {
            "cv": 0.22916666666666666,
            "chance": 0.2,
            "margin": 0.029166666666666646
          },
          "spatial4x4": {
            "cv": 0.43833333333333335,
            "chance": 0.2,
            "margin": 0.23833333333333334
          }
        }
      },
      "R5:no_proj": {
        "1": {
          "marginal": {
            "cv": 0.35333333333333333,
            "chance": 0.2,
            "margin": 0.15333333333333332
          },
          "2nd_moment": {
            "cv": 0.32249999999999995,
            "chance": 0.2,
            "margin": 0.12249999999999994
          },
          "coh_eig": {
            "cv": 0.20749999999999996,
            "chance": 0.2,
            "margin": 0.007499999999999951
          },
          "cluster_occ": {
            "cv": 0.19333333333333333,
            "chance": 0.2,
            "margin": -0.006666666666666682
          },
          "spatial4x4": {
            "cv": 0.49083333333333334,
            "chance": 0.2,
            "margin": 0.29083333333333333
          }
        },
        "2": {
          "marginal": {
            "cv": 0.385,
            "chance": 0.2,
            "margin": 0.185
          },
          "2nd_moment": {
            "cv": 0.33666666666666667,
            "chance": 0.2,
            "margin": 0.13666666666666666
          },
          "coh_eig": {
            "cv": 0.24833333333333335,
            "chance": 0.2,
            "margin": 0.04833333333333334
          },
          "cluster_occ": {
            "cv": 0.21749999999999997,
            "chance": 0.2,
            "margin": 0.01749999999999996
          },
          "spatial4x4": {
            "cv": 0.49833333333333335,
            "chance": 0.2,
            "margin": 0.29833333333333334
          }
        }
      }
    },
    {
      "seed": 1,
      "R6": {
        "1": {
          "marginal": {
            "cv": 0.3175,
            "chance": 0.2,
            "margin": 0.1175
          },
          "2nd_moment": {
            "cv": 0.3025,
            "chance": 0.2,
            "margin": 0.10249999999999998
          },
          "coh_eig": {
            "cv": 0.2341666666666667,
            "chance": 0.2,
            "margin": 0.03416666666666668
          },
          "cluster_occ": {
            "cv": 0.24749999999999997,
            "chance": 0.2,
            "margin": 0.04749999999999996
          },
          "spatial4x4": {
            "cv": 0.41833333333333333,
            "chance": 0.2,
            "margin": 0.21833333333333332
          }
        },
        "2": {
          "marginal": {
            "cv": 0.30416666666666664,
            "chance": 0.2,
            "margin": 0.10416666666666663
          },
          "2nd_moment": {
            "cv": 0.3416666666666667,
            "chance": 0.2,
            "margin": 0.14166666666666666
          },
          "coh_eig": {
            "cv": 0.25416666666666665,
            "chance": 0.2,
            "margin": 0.05416666666666664
          },
          "cluster_occ": {
            "cv": 0.23166666666666663,
            "chance": 0.2,
            "margin": 0.03166666666666662
          },
          "spatial4x4": {
            "cv": 0.41083333333333333,
            "chance": 0.2,
            "margin": 0.21083333333333332
          }
        }
      },
      "R5:no_proj": {
        "1": {
          "marginal": {
            "cv": 0.32249999999999995,
            "chance": 0.2,
            "margin": 0.12249999999999994
          },
          "2nd_moment": {
            "cv": 0.33333333333333337,
            "chance": 0.2,
            "margin": 0.13333333333333336
          },
          "coh_eig": {
            "cv": 0.25166666666666665,
            "chance": 0.2,
            "margin": 0.05166666666666664
          },
          "cluster_occ": {
            "cv": 0.23916666666666667,
            "chance": 0.2,
            "margin": 0.039166666666666655
          },
          "spatial4x4": {
            "cv": 0.4425,
            "chance": 0.2,
            "margin": 0.2425
          }
        },
        "2": {
          "marginal": {
            "cv": 0.3383333333333334,
            "chance": 0.2,
            "margin": 0.13833333333333336
          },
          "2nd_moment": {
            "cv": 0.3583333333333334,
            "chance": 0.2,
            "margin": 0.15833333333333338
          },
          "coh_eig": {
            "cv": 0.2558333333333333,
            "chance": 0.2,
            "margin": 0.05583333333333329
          },
          "cluster_occ": {
            "cv": 0.21166666666666667,
            "chance": 0.2,
            "margin": 0.011666666666666659
          },
          "spatial4x4": {
            "cv": 0.41666666666666663,
            "chance": 0.2,
            "margin": 0.21666666666666662
          }
        }
      }
    }
  ],
  "verdict": {
    "call": "NULL ROBUST (no descriptor, incl relational, shows synchrony adding task-channel)",
    "rescued": [],
    "summary": {
      "1": {
        "marginal": {
          "mean_cv_R6": 0.325,
          "mean_cv_R5": 0.33791666666666664,
          "mean_delta": -0.012916666666666632,
          "n_pos": 0,
          "n": 2,
          "deltas": [
            -0.0208,
            -0.005
          ]
        },
        "2nd_moment": {
          "mean_cv_R6": 0.33291666666666664,
          "mean_cv_R5": 0.32791666666666663,
          "mean_delta": 0.004999999999999977,
          "n_pos": 1,
          "n": 2,
          "deltas": [
            0.0408,
            -0.0308
          ]
        },
        "coh_eig": {
          "mean_cv_R6": 0.23249999999999998,
          "mean_cv_R5": 0.2295833333333333,
          "mean_delta": 0.0029166666666666924,
          "n_pos": 1,
          "n": 2,
          "deltas": [
            0.0233,
            -0.0175
          ]
        },
        "cluster_occ": {
          "mean_cv_R6": 0.23374999999999996,
          "mean_cv_R5": 0.21625,
          "mean_delta": 0.017499999999999974,
          "n_pos": 2,
          "n": 2,
          "deltas": [
            0.0267,
            0.0083
          ]
        },
        "spatial4x4": {
          "mean_cv_R6": 0.42125,
          "mean_cv_R5": 0.4666666666666667,
          "mean_delta": -0.04541666666666669,
          "n_pos": 0,
          "n": 2,