{
  "arms": [
    "R6",
    "R5:no_proj"
  ],
  "primary_layer": 2,
  "n_tasks": 5,
  "epochs": 30,
  "equiv_margin": 0.03,
  "proceed_margin": 0.03,
  "per_seed": [
    {
      "seed": 6,
      "R6": {
        "1": {
          "cv": 0.3383333333333334,
          "chance": 0.2,
          "margin": 0.13833333333333336
        },
        "2": {
          "cv": 0.38,
          "chance": 0.2,
          "margin": 0.18
        }
      },
      "R5:no_proj": {
        "1": {
          "cv": 0.35750000000000004,
          "chance": 0.2,
          "margin": 0.15750000000000003
        },
        "2": {
          "cv": 0.49000000000000005,
          "chance": 0.2,
          "margin": 0.29000000000000004
        }
      }
    },
    {
      "seed": 7,
      "R6": {
        "1": {
          "cv": 0.32833333333333337,
          "chance": 0.2,
          "margin": 0.12833333333333335
        },
        "2": {
          "cv": 0.29,
          "chance": 0.2,
          "margin": 0.08999999999999997
        }
      },
      "R5:no_proj": {
        "1": {
          "cv": 0.29833333333333334,
          "chance": 0.2,
          "margin": 0.09833333333333333
        },
        "2": {
          "cv": 0.3491666666666667,
          "chance": 0.2,
          "margin": 0.14916666666666667
        }
      }
    },
    {
      "seed": 8,
      "R6": {
        "1": {
          "cv": 0.38666666666666666,
          "chance": 0.2,
          "margin": 0.18666666666666665
        },
        "2": {
          "cv": 0.32166666666666666,
          "chance": 0.2,
          "margin": 0.12166666666666665
        }
      },
      "R5:no_proj": {
        "1": {
          "cv": 0.37083333333333335,
          "chance": 0.2,
          "margin": 0.17083333333333334
        },
        "2": {
          "cv": 0.43166666666666664,
          "chance": 0.2,
          "margin": 0.23166666666666663
        }
      }
    },
    {
      "seed": 9,
      "R6": {
        "1": {
          "cv": 0.3341666666666666,
          "chance": 0.2,
          "margin": 0.1341666666666666
        },
        "2": {
          "cv": 0.2808333333333334,
          "chance": 0.2,
          "margin": 0.08083333333333337
        }
      },
      "R5:no_proj": {
        "1": {
          "cv": 0.31666666666666665,
          "chance": 0.2,
          "margin": 0.11666666666666664
        },
        "2": {
          "cv": 0.3716666666666667,
          "chance": 0.2,
          "margin": 0.1716666666666667
        }
      }
    }
  ],
  "per_layer_summary": {
    "1": {
      "mean_cv_R6": 0.34687500000000004,
      "mean_cv_R5": 0.3358333333333334,
      "chance": 0.2,
      "verdict": {
        "n": 4,
        "mean_delta": 0.011041666666666658,
        "sd": 0.021107912769420895,
        "dz": 0.5231055664898691,
        "p_one_sided_gt0": 0.25,
        "tost_p_equiv": 0.08515285892431161,
        "n_pos_of_n": [
          3,
          4
        ],
        "call": "INCONCLUSIVE (add seeds)"
      }
    },
    "2": {
      "mean_cv_R6": 0.318125,
      "mean_cv_R5": 0.410625,
      "chance": 0.2,
      "verdict": {
        "n": 4,
        "mean_delta": -0.09250000000000001,
        "sd": 0.023988809119315665,
        "dz": -3.8559646516808326,
        "p_one_sided_gt0": 1.0,
        "tost_p_equiv": 0.9931300145373207,
        "n_pos_of_n": [
          0,
          4
        ],
        "call": "INCONCLUSIVE (add seeds)"
      }
    }
  }
}