{
  "arms": [
    "R6",
    "R5:no_proj"
  ],
  "metric": "object_ARI",
  "epochs": 30,
  "per_seed": [
    {
      "seed": 0,
      "R6": {
        "1": 0.3619544385404471,
        "2": 0.1818248263191432
      },
      "R5:no_proj": {
        "1": 0.42957520972623553,
        "2": 0.1836922749399046
      }
    },
    {
      "seed": 1,
      "R6": {
        "1": 0.27591762187139,
        "2": 0.12871941066882758
      },
      "R5:no_proj": {
        "1": 0.39662034698982707,
        "2": 0.19775054727307448
      }
    },
    {
      "seed": 2,
      "R6": {
        "1": 0.260610781724634,
        "2": 0.14161234395637246
      },
      "R5:no_proj": {
        "1": 0.44338010804044614,
        "2": 0.17948778640464064
      }
    },
    {
      "seed": 3,
      "R6": {
        "1": 0.3019427906479648,
        "2": 0.19647079052821126
      },
      "R5:no_proj": {
        "1": 0.3869058119393383,
        "2": 0.17055636386690473
      }
    }
  ],
  "per_layer": {
    "1": {
      "mean_ari_R6": 0.30010640819610895,
      "mean_ari_R5": 0.4141203691739617,
      "mean_delta": -0.11401396097785278,
      "n_pos": 0,
      "n": 4
    },
    "2": {
      "mean_ari_R6": 0.16215684286813864,
      "mean_ari_R5": 0.18287174312113114,
      "mean_delta": -0.020714900252992482,
      "n_pos": 1,
      "n": 4
    }
  },
  "verdict": "NO DIFFERENTIAL BINDING (R6 ~ R5 object-clustering)"
}