{
  "runs": [
    {
      "arm": "R6",
      "seed": 0,
      "learn_acc": 0.5361111362775167,
      "final_acc": 0.4611111481984456,
      "forgetting": 0.11249998211860657,
      "measure": {
        "r_gram": [
          0.26104146242141724,
          0.27184534072875977,
          0.20950300991535187,
          0.17013585567474365,
          0.2639198899269104,
          0.465101033449173,
          0.4983813762664795,
          0.4046008884906769,
          0.35026800632476807,
          0.30925479531288147,
          0.30379369854927063,
          0.37454038858413696,
          0.3802364766597748,
          0.389390766620636,
          0.2890910506248474
        ],
        "R_t": [
          0.9527121782302856,
          0.9106637835502625,
          0.9151675701141357,
          0.9278069734573364,
          0.9283856153488159,
          0.8799082040786743,
          0.7883255481719971,
          0.8164842128753662,
          0.8545329570770264,
          0.8889933824539185,
          0.896386981010437,
          0.8568848371505737,
          0.8366369605064392,
          0.8353642225265503,
          0.8654375672340393
        ],
        "energy_res": [
          9675283203125.0,
          0.2230804169370619,
          0.8780800805681535,
          0.8336835524216754,
          0.13151720253102733,
          0.005146945887134265,
          0.2398669853026864,
          0.026320962954126295,
          0.016259030913551225,
          0.11634459418775046,
          0.9222306197477285,
          0.19336925416336262,
          0.35272302024357144,
          0.23598015743549122,
          0.13431366320873125,
          0.3662373934183257
        ],
        "T_ext": 16
      }
    },
    {
      "arm": "R6",
      "seed": 1,
      "learn_acc": 0.5777778128782908,
      "final_acc": 0.41111114124457043,
      "forgetting": 0.2500000074505806,
      "measure": {
        "r_gram": [
          0.6662360429763794,
          0.5501346588134766,
          0.3921159505844116,
          0.39167410135269165,
          0.318187952041626,
          0.26121985912323,
          0.3029279112815857,
          0.3731766939163208,
          0.3545960485935211,
          0.3028292655944824,
          0.3044564425945282,
          0.4074725806713104,
          0.4150005877017975,
          0.34302133321762085,
          0.3349735736846924
        ],
        "R_t": [
          0.7192542552947998,
          0.6809619665145874,
          0.6498925685882568,
          0.7013351321220398,
          0.6918630599975586,
          0.676458477973938,
          0.682748019695282,
          0.6967947483062744,
          0.6986444592475891,
          0.6477118730545044,
          0.653545618057251,
          0.662212610244751,
          0.6853330135345459,
          0.6309739351272583,
          0.6157866716384888
        ],
        "energy_res": [
          5345749023437.5,
          0.5907861222235385,
          0.7016155648378293,
          0.6759532649157133,
          1.3544900719293318,
          0.7852864500522887,
          4.363369282956291,
          0.17596653981272697,
          0.3144822051343653,
          0.490453992795634,
          0.2759245137760525,
          0.48021335127325016,
          0.008864559446824648,
          0.08656354321705308,
          0.4765618678157496,
          1.2867242212900192
        ],
        "T_ext": 16
      }
    },
    {
      "arm": "R6",
      "seed": 2,
      "learn_acc": 0.5805555780728658,
      "final_acc": 0.43888890743255615,
      "forgetting": 0.21250000596046448,
      "measure": {
        "r_gram": [
          0.37278613448143005,
          0.430454283952713,
          0.4858555793762207,
          0.41005879640579224,
          0.4055148959159851,
          0.368845671415329,
          0.3820313811302185,
          0.3502423167228699,
          0.3630867302417755,
          0.33769145607948303,
          0.34446287155151367,
          0.32367604970932007,
          0.3233282268047333,
          0.3088301718235016,
          0.2923198938369751
        ],
        "R_t": [
          0.8794985413551331,
          0.8658808469772339,
          0.8305044770240784,
          0.8376980423927307,
          0.814863920211792,
          0.8328911066055298,
          0.805965781211853,
          0.8257205486297607,
          0.8003789782524109,
          0.8172166347503662,
          0.8034480810165405,
          0.8131561875343323,
          0.8169469833374023,
          0.8182555437088013,
          0.8401169180870056
        ],
        "energy_res": [
          10796455078125.0,
          0.4646151216083408,
          1.7200962441378704,
          0.2554519980147166,
          0.01689529205718404,
          0.1163557695187271,
          0.1525755217926813,
          0.157087493690059,
          0.15284162848766253,
          0.1012032486427105,
          0.047859164180239326,
          0.009077217688235684,
          0.07508524920430275,
          0.1250323000284594,
          0.1617704573425817,
          0.1977522107733325
        ],
        "T_ext": 16
      }
    },
    {
      "arm": "R6",
      "seed": 3,
      "learn_acc": 0.5055555800596873,
      "final_acc": 0.4166666865348816,
      "forgetting": 0.13333334028720856,
      "measure": {
        "r_gram": [
          0.2535335123538971,
          0.29076555371284485,
          0.24513816833496094,
          0.2533702254295349,
          0.29149129986763,
          0.20181682705879211,
          0.25232255458831787,
          0.279400497674942,
          0.3963560461997986,
          0.41012275218963623,
          0.47513389587402344,
          0.4381745457649231,
          0.39065682888031006,
          0.3110337257385254,
          0.3015230894088745
        ],
        "R_t": [
          0.9328758120536804,
          0.8999314308166504,
          0.907585859298706,
          0.915192723274231,
          0.8954628109931946,
          0.8782245516777039,
          0.8918517827987671,
          0.9065119028091431,
          0.8912650346755981,
          0.833416223526001,
          0.8069235682487488,
          0.7724695205688477,
          0.8022959232330322,
          0.8493072986602783,
          0.8463837504386902
        ],
        "energy_res": [
          11797884765625.0,
          0.3120533391429641,
          2.760802020717237,
          0.17255676176432647,
          0.44748994923209534,
          0.03992393277884075,
          0.17092580533325025,
          1.1779828423766268,
          0.2445266987314728,
          0.40286600413731777,
          0.11515575096477287,
          0.06318896147717187,
          0.3033246488591159,
          0.1719769995143321,
          0.37367707053390914,
          1.5534663799301027
        ],
        "T_ext": 16
      }
    },
    {
      "arm": "R6",
      "seed": 4,
      "learn_acc": 0.5111111203829447,
      "final_acc": 0.40555556615193683,
      "forgetting": 0.15833333134651184,
      "measure": {
        "r_gram": [
          0.4186092019081116,
          0.30050092935562134,
          0.1807834804058075,
          0.1193956732749939,
          0.08855456858873367,
          0.108939029276371,
          0.11414507031440735,
          0.11685195565223694,
          0.10841640084981918,
          0.09492786228656769,
          0.1281740367412567,
          0.14953283965587616,
          0.14509741961956024,
          0.13676059246063232,
          0.15712076425552368
        ],
        "R_t": [
          0.8346387147903442,
          0.8473508358001709,
          0.8928624391555786,
          0.9291208386421204,
          0.9440391063690186,
          0.9484935998916626,
          0.9473153352737427,
          0.943393886089325,
          0.9380642771720886,
          0.9336444735527039,
          0.9282134175300598,
          0.915768027305603,
          0.9021590948104858,
          0.8925995230674744,
          0.8840773105621338
        ],