{
  "runs": [
    {
      "arm": "R6",
      "seed": 0,
      "learn_acc": 0.5527777870496114,
      "final_acc": 0.45000001788139343,
      "forgetting": 0.15416665375232697,
      "measure": {
        "r_gram": [
          0.2211596965789795,
          0.34636741876602173,
          0.41804707050323486,
          0.43601852655410767,
          0.3649742603302002,
          0.3969707489013672,
          0.4089609384536743,
          0.4358126223087311,
          0.3679984211921692,
          0.33692121505737305,
          0.353590190410614,
          0.3581858277320862,
          0.3688122034072876,
          0.37800365686416626,
          0.3575863540172577
        ],
        "R_t": [
          0.9785473346710205,
          0.9279669523239136,
          0.8481121063232422,
          0.8047187328338623,
          0.8555312156677246,
          0.8720526695251465,
          0.8300917744636536,
          0.8087630867958069,
          0.8413746953010559,
          0.8626751899719238,
          0.8652939200401306,
          0.8424711227416992,
          0.8382247686386108,
          0.8388668298721313,
          0.8466784954071045
        ],
        "energy_res": [
          13895253906250.0,
          0.683537193033206,
          1.6853857775497862,
          0.10053006404681278,
          0.8897495957275935,
          0.0012180867688802843,
          0.2159869145490009,
          0.14706415033293987,
          0.07432015058995328,
          0.2995238446210401,
          0.018374926322539956,
          0.59658821961669,
          0.10226994555724646,
          0.07904431645339154,
          0.2855754262158083,
          0.026891783183604485
        ],
        "T_ext": 16
      }
    }
  ]
}