{
  "runs": [
    {
      "arm": "R6",
      "seed": 0,
      "learn_acc": 0.5138889253139496,
      "final_acc": 0.4305555820465088,
      "forgetting": 0.1250000149011612,
      "measure": {
        "R_within": 0.9002145396904477,
        "R_between": 0.8834623261063825,
        "deltaR": 0.0167522135840652,
        "R_global": 0.8206331475521438,
        "obj_ami": 0.302679122531389,
        "obj_ami_null": -0.004123276280079048,
        "obj_ami_minus_null": 0.30680239881146804,
        "n_groupimgs": 1024
      }
    }
  ]
}