{
  "runs": [
    {
      "arm": "R6",
      "seed": 0,
      "learn_acc": 0.5222222407658895,
      "final_acc": 0.45277780294418335,
      "forgetting": 0.1041666567325592,
      "measure": {
        "L1": {
          "ami_gJ": [
            0.1296,
            0.1897,
            0.2728
          ],
          "ami_gc": [
            0.2453,
            0.3081,
            0.306
          ],
          "cos_Jc": [
            0.0497,
            -0.0011,
            -0.1441
          ],
          "cmf_gJ": [
            0.959,
            0.9592,
            0.9487
          ],
          "cmf_gc": [
            0.7148,
            0.7258,
            0.7243
          ]
        }
      }
    },
    {
      "arm": "R6",
      "seed": 1,
      "learn_acc": 0.5305555760860443,
      "final_acc": 0.4444444576899211,
      "forgetting": 0.12916667759418488,
      "measure": {
        "L1": {
          "ami_gJ": [
            0.1776,
            0.1966,
            0.2101
          ],
          "ami_gc": [
            0.1549,
            0.1384,
            0.1354
          ],
          "cos_Jc": [
            0.0292,
            -0.0408,
            -0.2275
          ],
          "cmf_gJ": [
            0.9465,
            0.9463,
            0.9406
          ],
          "cmf_gc": [
            0.8727,
            0.8669,
            0.8609
          ]
        }
      }
    },
    {
      "arm": "R6",
      "seed": 2,
      "learn_acc": 0.49444446961085003,
      "final_acc": 0.4166666865348816,
      "forgetting": 0.11666667461395264,
      "measure": {
        "L1": {
          "ami_gJ": [
            0.1925,
            0.2225,
            0.2563
          ],
          "ami_gc": [
            0.2608,
            0.2342,
            0.2465
          ],
          "cos_Jc": [
            -0.0084,
            -0.103,
            -0.1229
          ],
          "cmf_gJ": [
            0.9424,
            0.9417,
            0.9425
          ],
          "cmf_gc": [
            0.715,
            0.7506,
            0.732
          ]
        }
      }
    }
  ]
}