{
  "runs": [
    {
      "arm": "R6s",
      "seed": 0,
      "learn_acc": 0.9083333611488342,
      "final_acc": 0.6000000298023224,
      "forgetting": 0.3854166641831398,
      "overlap": 0.66
    },
    {
      "arm": "R6s",
      "seed": 1,
      "learn_acc": 0.9366667151451111,
      "final_acc": 0.7450000584125519,
      "forgetting": 0.239583320915699,
      "overlap": 0.66
    },
    {
      "arm": "R6s",
      "seed": 2,
      "learn_acc": 0.8383333802223205,
      "final_acc": 0.5300000250339508,
      "forgetting": 0.3854166939854622,
      "overlap": 0.66
    }
  ]
}