{
  "runs": [
    {
      "arm": "R6",
      "seed": 0,
      "learn_acc": 0.99666668176651,
      "final_acc": 0.9783333659172058,
      "forgetting": 0.02291664481163025,
      "overlap": 0.66
    },
    {
      "arm": "R6",
      "seed": 1,
      "learn_acc": 0.9883333444595337,
      "final_acc": 0.96500004529953,
      "forgetting": 0.029166623950004578,
      "overlap": 0.66
    },
    {
      "arm": "R6",
      "seed": 2,
      "learn_acc": 0.996666693687439,
      "final_acc": 0.9600000381469727,
      "forgetting": 0.045833319425582886,
      "overlap": 0.66
    }
  ]
}