{
  "runs": [
    {
      "arm": "R6",
      "seed": 0,
      "learn_acc": 0.7772499918937683,
      "final_acc": 0.27649999856948854,
      "forgetting": 0.6259374916553497
    }
  ]
}