{
  "runs": [
    {
      "arm": "R6",
      "seed": 0,
      "learn_acc": 0.5305555760860443,
      "final_acc": 0.45000001788139343,
      "forgetting": 0.12083333730697632,
      "measure": {
        "decomp": {
          "L0": {
            "ratio_JC": [
              0.4354,
              2.8626,
              3.3084
            ],
            "nJ": [
              0.5162,
              2.5742,
              3.8678
            ],
            "nc": [
              1.5238,
              1.1583,
              1.4712
            ],
            "no": [
              0.9399,
              0.9399,
              0.9399
            ],
            "cos_JC": [
              -0.0027,
              -0.0594,
              -0.0651
            ],
            "align_xc": [
              -0.0001,
              0.5636,
              0.3865
            ]
          },
          "L1": {
            "ratio_JC": [
              22.486,
              19.0611,
              12.7535
            ],
            "nJ": [
              5.6089,
              6.1504,
              3.9089
            ],
            "nc": [
              0.6376,
              0.8202,
              0.7451
            ],
            "no": [
              0.981,
              0.981,
              0.981
            ],
            "cos_JC": [
              0.2012,
              -0.0476,
              -0.3475
            ],
            "align_xc": [
              -0.0294,
              0.1735,
              0.1069
            ]
          },
          "L2": {
            "ratio_JC": [
              0.289,
              0.3944,
              0.4066
            ],
            "nJ": [
              0.3854,
              0.3861,
              0.3799
            ],
            "nc": [
              1.6211,
              1.186,
              1.1159
            ],
            "no": [
              1.0,
              1.0,
              1.0
            ],
            "cos_JC": [
              0.033,
              -0.0215,
              -0.1114
            ],
            "align_xc": [
              0.0548,
              0.624,
              0.7491
            ]
          }
        },
        "obj_ami_full": 0.281,
        "obj_ami_Jzero": 0.2362,
        "Jzero_rel_state_change": 1.4651
      }
    },
    {
      "arm": "R6",
      "seed": 1,
      "learn_acc": 0.5083333750565847,
      "final_acc": 0.4055555760860443,
      "forgetting": 0.15416669845581055,
      "measure": {
        "decomp": {
          "L0": {
            "ratio_JC": [
              0.4083,
              2.758,
              2.8815
            ],
            "nJ": [
              0.5295,
              2.528,
              3.762
            ],
            "nc": [
              1.5756,
              1.1879,
              1.5277
            ],
            "no": [
              0.8956,
              0.8956,
              0.8956
            ],
            "cos_JC": [
              -0.0026,
              -0.1489,
              -0.1206
            ],
            "align_xc": [
              -0.0014,
              0.5923,
              0.393
            ]
          },
          "L1": {
            "ratio_JC": [
              4.0999,
              2.9464,
              3.3364
            ],
            "nJ": [
              4.3395,
              3.0952,
              3.3298
            ],
            "nc": [
              1.5037,
              1.4205,
              1.3526
            ],
            "no": [
              0.9899,
              0.9899,
              0.9899
            ],
            "cos_JC": [
              -0.0762,
              -0.0325,
              -0.0761
            ],
            "align_xc": [
              0.0378,
              0.3003,
              0.3342
            ]
          },
          "L2": {
            "ratio_JC": [
              0.2896,
              0.401,
              0.4233
            ],
            "nJ": [
              0.3713,
              0.3922,
              0.3791
            ],
            "nc": [
              1.5981,
              1.2429,
              1.0921
            ],
            "no": [
              1.0,
              1.0,
              1.0
            ],
            "cos_JC": [
              -0.0548,
              -0.0676,
              -0.1336
            ],
            "align_xc": [
              -0.0378,
              0.5699,
              0.7447
            ]
          }
        },
        "obj_ami_full": 0.1584,
        "obj_ami_Jzero": 0.2039,
        "Jzero_rel_state_change": 1.4294
      }
    },
    {
      "arm": "R6",
      "seed": 2,
      "learn_acc": 0.5555556019147238,
      "final_acc": 0.4027778009573619,
      "forgetting": 0.22916670143604279,
      "measure": {
        "decomp": {
          "L0": {
            "ratio_JC": [
              0.4385,
              2.7936,
              3.0033
            ],
            "nJ": [
              0.5366,
              2.5121,
              3.432
            ],
            "nc": [
              1.5296,
              1.1598,
              1.4384
            ],
            "no": [
              0.9052,
              0.9052,
              0.9052
            ],
            "cos_JC": [
              -0.0017,
              0.0026,
              -0.2978
            ],
            "align_xc": [
              0.0007,
              0.5727,
              0.4651
            ]
          },
          "L1": {
            "ratio_JC": [
              4.2187,
              3.1681,
              3.4572
            ],
            "nJ": [
              4.3746,
              3.531,
              3.5859
            ],
            "nc": [
              1.4916,
              1.57,
              1.396
            ],
            "no": [
              0.9867,
              0.9867,
              0.9867
            ],
            "cos_JC": [
              -0.0677,
              0.0419,
              0.2082
            ],
            "align_xc": [
              0.0909,
              0.164,
              0.3115
            ]
          },
          "L2": {
            "ratio_JC": [
              0.2923,
              0.4076,
              0.4199
            ],
            "nJ": [
              0.3781,
              0.3794,
              0.3857
            ],
            "nc": [
              1.6081,
              1.1793,
              1.101
            ],
            "no": [
              1.0,
              1.0,
              1.0
            ],
            "cos_JC": [
              -0.0019,
              -0.0315,
              -0.0771
            ],
            "align_xc": [
              0.0465,
              0.6122,
              0.7456
            ]
          }
        },
        "obj_ami_full": 0.1731,
        "obj_ami_Jzero": 0.2582,
        "Jzero_rel_state_change": 1.3944
      }
    }
  ]
}