{
  "runs": [
    {
      "arm": "R6",
      "seed": 0,
      "learn_acc": 0.9983333468437194,
      "final_acc": 0.9833333849906921,
      "forgetting": 0.01874995231628418
    }
  ]
}