{
  "runs": [
    {
      "arm": "R6",
      "seed": 0,
      "acc_real": 0.3455000013113022,
      "acc_within": 0.2932499945163727,
      "acc_const": 0.15774999856948851,
      "task_lift": 0.13549999594688417,
      "instance_lift": 0.05225000679492953,
      "real_lift": 0.1877500027418137,
      "chance": 0.1
    }
  ]
}