{
  "sa_enchard_i3": {
    "material": {
      "mAP": 0.020194416724579858,
      "ci": [
        0.020095088484916535,
        0.02028733080269448
      ],
      "R1": 0.04919726593546336,
      "chance": 0.01675498003483415,
      "n_q": 12582,
      "n_classes": 60
    },
    "size": {
      "mAP": 0.3437901677762178,
      "ci": [
        0.3431180872875149,
        0.3444806194575857
      ],
      "R1": 0.4253695755841679,
      "chance": 0.33537589976279214,
      "n_q": 12582,
      "n_classes": 3
    },
    "shape": {
      "mAP": 0.2527917790942204,
      "ci": [
        0.25256184026007644,
        0.25299403202555204
      ],
      "R1": 0.28620251152439996,
      "chance": 0.2504971677640174,
      "n_q": 12582,
      "n_classes": 4
    }
  },
  "sa_encmask_i3": {
    "material": {
      "mAP": 0.01933161371655697,
      "ci": [
        0.019251842409683986,
        0.01940960091604592
      ],
      "R1": 0.03862660944206009,
      "chance": 0.01675498003483415,
      "n_q": 12582,
      "n_classes": 60
    },
    "size": {
      "mAP": 0.34568406381389205,
      "ci": [
        0.3448972684847675,
        0.3464770657104024
      ],
      "R1": 0.43093307900174854,
      "chance": 0.33537589976279214,
      "n_q": 12582,
      "n_classes": 3
    },
    "shape": {
      "mAP": 0.2532207716236714,
      "ci": [
        0.2529680590136648,
        0.2534543806308107
      ],
      "R1": 0.27738038467652204,
      "chance": 0.2504971677640174,
      "n_q": 12582,
      "n_classes": 4
    }
  },
  "sa_encoder": {
    "material": {
      "mAP": 0.026839082989981406,
      "ci": [
        0.026667914638555203,
        0.027011651287561698
      ],
      "R1": 0.1512478143379431,
      "chance": 0.01675498003483415,
      "n_q": 12582,
      "n_classes": 60
    },
    "size": {
      "mAP": 0.3463997181035394,
      "ci": [
        0.3458385011772366,
        0.3469113758331513
      ],
      "R1": 0.5340168494674933,
      "chance": 0.33537589976279214,
      "n_q": 12582,
      "n_classes": 3
    },
    "shape": {
      "mAP": 0.254008591806461,
      "ci": [
        0.2537487250361003,
        0.2542685639543978
      ],
      "R1": 0.3325385471308218,
      "chance": 0.2504971677640174,
      "n_q": 12582,
      "n_classes": 4
    }
  },
  "sa_raw": {
    "material": {
      "mAP": 0.2677578251952017,
      "ci": [
        0.26325634541668014,
        0.27247824819361877
      ],
      "R1": 0.3867429661421078,
      "chance": 0.01675498003483415,
      "n_q": 12582,
      "n_classes": 60
    },
    "size": {
      "mAP": 0.3357784001054456,
      "ci": [
        0.33533452974507816,
        0.33622975871671035
      ],
      "R1": 0.336830392624384,
      "chance": 0.33537589976279214,
      "n_q": 12582,
      "n_classes": 3
    },
    "shape": {
      "mAP": 0.251283187815704,
      "ci": [
        0.25107599050950796,
        0.25147377457277176
      ],
      "R1": 0.27420123986647593,
      "chance": 0.2504971677640174,
      "n_q": 12582,
      "n_classes": 4
    }
  },
  "sa_slots_i1": {
    "material": {
      "mAP": 0.018793676047906462,
      "ci": [
        0.018730833758178952,
        0.0188529429768579
      ],
      "R1": 0.028453346049912575,
      "chance": 0.01675498003483415,
      "n_q": 12582,
      "n_classes": 60
    },
    "size": {
      "mAP": 0.3470319571132343,
      "ci": [
        0.34636665875696815,
        0.3477215451006867
      ],
      "R1": 0.4000158957240502,
      "chance": 0.33537589976279214,
      "n_q": 12582,
      "n_classes": 3
    },
    "shape": {
      "mAP": 0.25443298063616926,
      "ci": [
        0.2541444816246024,
        0.254717559775455
      ],
      "R1": 0.27952630742330314,
      "chance": 0.2504971677640174,
      "n_q": 12582,
      "n_classes": 4
    }
  },
  "sa_slots_i3": {
    "material": {
      "mAP": 0.01994321208724296,
      "ci": [
        0.01986514976803007,
        0.020024622535957257
      ],
      "R1": 0.054681290732792875,
      "chance": 0.01675498003483415,
      "n_q": 12582,
      "n_classes": 60
    },
    "size": {
      "mAP": 0.3534641057099503,
      "ci": [
        0.35269251759821,
        0.35423646209498644
      ],
      "R1": 0.47687172150691465,
      "chance": 0.33537589976279214,
      "n_q": 12582,
      "n_classes": 3
    },
    "shape": {
      "mAP": 0.2566670437149232,
      "ci": [
        0.2563543893986407,
        0.256968487015965
      ],
      "R1": 0.31926561754887933,
      "chance": 0.2504971677640174,
      "n_q": 12582,
      "n_classes": 4
    }
  },
  "_verdict": {
    "SA_DESTRUCTION_LEG_CONFIRMED": false,
    "destruction_material_mAP_enc_gt_slots": true,
    "destruction_mAP_ci_separated": false,
    "destruction_material_R1_corroborates": true,
    "size_build_gate_passed": false,
    "n_iters_monotonicity_passed": false,
    "spearman_fgari_material": -0.5,
    "NOTE": "SA = local-DESTRUCTION corroboration only. size-build + monotonicity gates expected FALSE (retired as confounds). Lead with mAP; R@1 secondary. NOT equivalent to AKOrN INVERSION_CONFIRMED.",
    "mAP_material": {
      "encoder": 0.026839082989981406,
      "slots_i1": 0.018793676047906462,
      "slots_i3": 0.01994321208724296
    },
    "R1_material": {
      "encoder": 0.1512478143379431,
      "slots_i1": 0.028453346049912575,
      "slots_i3": 0.054681290732792875
    },
    "mAP_size": {
      "encoder": 0.3463997181035394,
      "slots_i1": 0.3470319571132343,
      "slots_i3": 0.3534641057099503
    },
    "fgari": {
      "sa_slots_i1": 0.40884980668759774,
      "sa_slots_i3": 0.5947655020356489,
      "sa_encoder": 0.0,
      "sa_raw": 0.0,
      "sa_encmask_i3": 0.0,
      "sa_enchard_i3": 0.0
    }
  }
}