{
  "sa_raw": {
    "material": {
      "mAP": 0.2677578251952017,
      "ci": [
        0.26325634541668014,
        0.27247824819361877
      ],
      "R1": 0.3867429661421078,
      "chance": 0.01675498003483415,
      "n_q": 12582,
      "n_classes": 60
    },
    "size": {
      "mAP": 0.3357784001054456,
      "ci": [
        0.33533452974507816,
        0.33622975871671035
      ],
      "R1": 0.336830392624384,
      "chance": 0.33537589976279214,
      "n_q": 12582,
      "n_classes": 3
    },
    "shape": {
      "mAP": 0.251283187815704,
      "ci": [
        0.25107599050950796,
        0.25147377457277176
      ],
      "R1": 0.27420123986647593,
      "chance": 0.2504971677640174,
      "n_q": 12582,
      "n_classes": 4
    }
  },
  "sa_encoder": {
    "material": {
      "mAP": 0.026839082989981406,
      "ci": [
        0.026667914638555203,
        0.027011651287561698
      ],
      "R1": 0.1512478143379431,
      "chance": 0.01675498003483415,
      "n_q": 12582,
      "n_classes": 60
    },
    "size": {
      "mAP": 0.3463997181035394,
      "ci": [
        0.3458385011772366,
        0.3469113758331513
      ],
      "R1": 0.5340168494674933,
      "chance": 0.33537589976279214,
      "n_q": 12582,
      "n_classes": 3
    },
    "shape": {
      "mAP": 0.254008591806461,
      "ci": [
        0.2537487250361003,
        0.2542685639543978
      ],
      "R1": 0.3325385471308218,
      "chance": 0.2504971677640174,
      "n_q": 12582,
      "n_classes": 4
    }
  },
  "sa_encmask_i3": {
    "material": {
      "mAP": 0.019308794924102545,
      "ci": [
        0.019239679812171843,
        0.01938386935111955
      ],
      "R1": 0.04148783977110158,
      "chance": 0.01675498003483415,
      "n_q": 12582,
      "n_classes": 60
    },
    "size": {
      "mAP": 0.34593617077749317,
      "ci": [
        0.34524219645171145,
        0.3467192791931709
      ],
      "R1": 0.43411222381179465,
      "chance": 0.33537589976279214,
      "n_q": 12582,
      "n_classes": 3
    },
    "shape": {
      "mAP": 0.25305870733290964,
      "ci": [
        0.25280223043204564,
        0.25329352451295745
      ],
      "R1": 0.27968526466380544,
      "chance": 0.2504971677640174,
      "n_q": 12582,
      "n_classes": 4
    }
  },
  "sa_slots_i1": {
    "material": {
      "mAP": 0.018716012886919615,
      "ci": [
        0.018656707219850424,
        0.01877508849379563
      ],
      "R1": 0.02996343983468447,
      "chance": 0.01675498003483415,
      "n_q": 12582,
      "n_classes": 60
    },
    "size": {
      "mAP": 0.34735797811609054,
      "ci": [
        0.34666006601716387,
        0.3480094772499565
      ],
      "R1": 0.39596248609124146,
      "chance": 0.33537589976279214,
      "n_q": 12582,
      "n_classes": 3
    },
    "shape": {
      "mAP": 0.2546415427067189,
      "ci": [
        0.25434814733449984,
        0.25494725830748466
      ],
      "R1": 0.28365919567636305,
      "chance": 0.2504971677640174,
      "n_q": 12582,
      "n_classes": 4
    }
  },
  "sa_slots_i3": {
    "material": {
      "mAP": 0.0199108700123566,
      "ci": [
        0.019831120512672544,
        0.019990928104308366
      ],
      "R1": 0.055237641074550946,
      "chance": 0.01675498003483415,
      "n_q": 12582,
      "n_classes": 60
    },
    "size": {
      "mAP": 0.353395431389167,
      "ci": [
        0.35271068661650345,
        0.35413308742006216
      ],
      "R1": 0.4656652360515021,
      "chance": 0.33537589976279214,
      "n_q": 12582,
      "n_classes": 3
    },
    "shape": {
      "mAP": 0.25629420471010517,
      "ci": [
        0.2559908423011695,
        0.2565980502030095
      ],
      "R1": 0.3153711651565729,
      "chance": 0.2504971677640174,
      "n_q": 12582,
      "n_classes": 4
    }
  },
  "_verdict": {
    "SA_DIRECTION_CONFIRMED": true,
    "material_enc_gt_slots3": true,
    "material_ci_separated": true,
    "size_slots3_ge_enc": true,
    "monotone_material_enc_i1_i3": false,
    "fgari_i3_ge_i1": true,
    "spearman_fgari_material": -0.5,
    "mAP_material": {
      "encoder": 0.026839082989981406,
      "slots_i1": 0.018716012886919615,
      "slots_i3": 0.0199108700123566
    },
    "mAP_size": {
      "encoder": 0.3463997181035394,
      "slots_i1": 0.34735797811609054,
      "slots_i3": 0.353395431389167
    },
    "fgari": {
      "sa_slots_i1": 0.41463095652159837,
      "sa_slots_i3": 0.593687861765097,
      "sa_encoder": 0.0,
      "sa_raw": 0.0,
      "sa_encmask_i3": 0.0
    }
  }
}