{
  "sa_raw": {
    "material": {
      "mAP": 0.5532567080083385,
      "ci": [
        0.5482481550448675,
        0.5580473075071497
      ],
      "R1": 0.7118173892367441,
      "chance": 0.04006760178796371,
      "n_q": 12617,
      "n_classes": 25
    },
    "size": {
      "mAP": 0.3431072511219545,
      "ci": [
        0.342190346295111,
        0.3440030398730881
      ],
      "R1": 0.34580328128715226,
      "chance": 0.34283100980874337,
      "n_q": 12617,
      "n_classes": 3
    },
    "shape": {
      "mAP": 0.2516588103155986,
      "ci": [
        0.2515175120235238,
        0.25178225350941813
      ],
      "R1": 0.27248949829594993,
      "chance": 0.25010476089793043,
      "n_q": 12617,
      "n_classes": 4
    }
  },
  "sa_encoder": {
    "material": {
      "mAP": 0.06313202821357984,
      "ci": [
        0.06264842283001767,
        0.0635938814318934
      ],
      "R1": 0.4147578663707696,
      "chance": 0.04006760178796371,
      "n_q": 12617,
      "n_classes": 25
    },
    "size": {
      "mAP": 0.3466474092743978,
      "ci": [
        0.3457541520814841,
        0.34757455319570807
      ],
      "R1": 0.47261631132598875,
      "chance": 0.34283100980874337,
      "n_q": 12617,
      "n_classes": 3
    },
    "shape": {
      "mAP": 0.2553529443683768,
      "ci": [
        0.25502021885561865,
        0.2556798977296972
      ],
      "R1": 0.40873424744392484,
      "chance": 0.25010476089793043,
      "n_q": 12617,
      "n_classes": 4
    }
  },
  "sa_encmask_i3": {
    "material": {
      "mAP": 0.04514597022352351,
      "ci": [
        0.045002207348646905,
        0.045284765824845793
      ],
      "R1": 0.10018229373068083,
      "chance": 0.04006760178796371,
      "n_q": 12617,
      "n_classes": 25
    },
    "size": {
      "mAP": 0.3473612437989513,
      "ci": [
        0.3462276702162386,
        0.3484778612335843
      ],
      "R1": 0.3855908694618372,
      "chance": 0.34283100980874337,
      "n_q": 12617,
      "n_classes": 3
    },
    "shape": {
      "mAP": 0.25373511384783964,
      "ci": [
        0.2534069415052155,
        0.2540256921144696
      ],
      "R1": 0.2812078941111199,
      "chance": 0.25010476089793043,
      "n_q": 12617,
      "n_classes": 4
    }
  },
  "sa_slots_i1": {
    "material": {
      "mAP": 0.04341605526858459,
      "ci": [
        0.04331897562887343,
        0.043510420460249305
      ],
      "R1": 0.0705397479591028,
      "chance": 0.04006760178796371,
      "n_q": 12617,
      "n_classes": 25
    },
    "size": {
      "mAP": 0.3465663162553102,
      "ci": [
        0.3454636031383153,
        0.3476289159070274
      ],
      "R1": 0.3703733058571768,
      "chance": 0.34283100980874337,
      "n_q": 12617,
      "n_classes": 3
    },
    "shape": {
      "mAP": 0.2542949183673896,
      "ci": [
        0.2539789757400148,
        0.2546187691708281
      ],
      "R1": 0.2657525560751367,
      "chance": 0.25010476089793043,
      "n_q": 12617,
      "n_classes": 4
    }
  },
  "sa_slots_i3": {
    "material": {
      "mAP": 0.046870986797961416,
      "ci": [
        0.04672317134959575,
        0.04702150518791468
      ],
      "R1": 0.13283664896568123,
      "chance": 0.04006760178796371,
      "n_q": 12617,
      "n_classes": 25
    },
    "size": {
      "mAP": 0.3490420179531664,
      "ci": [
        0.3479040032490401,
        0.3502020134768569
      ],
      "R1": 0.4115875406197987,
      "chance": 0.34283100980874337,
      "n_q": 12617,
      "n_classes": 3
    },
    "shape": {
      "mAP": 0.2557819012822004,
      "ci": [
        0.2554304102063936,
        0.2561081836585654
      ],
      "R1": 0.3063327256875644,
      "chance": 0.25010476089793043,
      "n_q": 12617,
      "n_classes": 4
    }
  },
  "_verdict": {
    "SA_DIRECTION_CONFIRMED": true,
    "material_enc_gt_slots3": true,
    "material_ci_separated": true,
    "size_slots3_ge_enc": true,
    "monotone_material_enc_i1_i3": false,
    "fgari_i3_ge_i1": true,
    "spearman_fgari_material": -0.5,
    "mAP_material": {
      "encoder": 0.06313202821357984,
      "slots_i1": 0.04341605526858459,
      "slots_i3": 0.046870986797961416
    },
    "mAP_size": {
      "encoder": 0.3466474092743978,
      "slots_i1": 0.3465663162553102,
      "slots_i3": 0.3490420179531664
    },
    "fgari": {
      "sa_slots_i1": 0.35448070562944234,
      "sa_slots_i3": 0.5226866112858768,
      "sa_encoder": 0.0,
      "sa_raw": 0.0,
      "sa_encmask_i3": 0.0
    }
  }
}