{
  "sa_enchard_i3": {
    "material": {
      "mAP": 0.04622811765175307,
      "ci": [
        0.04606921454924148,
        0.04640243247901808
      ],
      "R1": 0.11001030355869065,
      "chance": 0.04006760178796371,
      "n_q": 12617,
      "n_classes": 25
    },
    "size": {
      "mAP": 0.3465628942550777,
      "ci": [
        0.34552457256149,
        0.3476358882740518
      ],
      "R1": 0.3774272806530871,
      "chance": 0.34283100980874337,
      "n_q": 12617,
      "n_classes": 3
    },
    "shape": {
      "mAP": 0.25365467010181986,
      "ci": [
        0.2533535557433389,
        0.2539595064707418
      ],
      "R1": 0.2774035032099548,
      "chance": 0.25010476089793043,
      "n_q": 12617,
      "n_classes": 4
    }
  },
  "sa_encmask_i3": {
    "material": {
      "mAP": 0.04494265306644059,
      "ci": [
        0.04481088731212582,
        0.04508704069273903
      ],
      "R1": 0.09859713085519538,
      "chance": 0.04006760178796371,
      "n_q": 12617,
      "n_classes": 25
    },
    "size": {
      "mAP": 0.34733455305070027,
      "ci": [
        0.3461876792282191,
        0.34847510271659105
      ],
      "R1": 0.3752873107711817,
      "chance": 0.34283100980874337,
      "n_q": 12617,
      "n_classes": 3
    },
    "shape": {
      "mAP": 0.25379748851528844,
      "ci": [
        0.2534873204329313,
        0.2541186421966381
      ],
      "R1": 0.2833478639930253,
      "chance": 0.25010476089793043,
      "n_q": 12617,
      "n_classes": 4
    }
  },
  "sa_encoder": {
    "material": {
      "mAP": 0.06313202821357984,
      "ci": [
        0.06264842283001767,
        0.0635938814318934
      ],
      "R1": 0.4147578663707696,
      "chance": 0.04006760178796371,
      "n_q": 12617,
      "n_classes": 25
    },
    "size": {
      "mAP": 0.3466474092743978,
      "ci": [
        0.3457541520814841,
        0.34757455319570807
      ],
      "R1": 0.47261631132598875,
      "chance": 0.34283100980874337,
      "n_q": 12617,
      "n_classes": 3
    },
    "shape": {
      "mAP": 0.2553529443683768,
      "ci": [
        0.25502021885561865,
        0.2556798977296972
      ],
      "R1": 0.40873424744392484,
      "chance": 0.25010476089793043,
      "n_q": 12617,
      "n_classes": 4
    }
  },
  "sa_raw": {
    "material": {
      "mAP": 0.5532567080083385,
      "ci": [
        0.5482481550448675,
        0.5580473075071497
      ],
      "R1": 0.7118173892367441,
      "chance": 0.04006760178796371,
      "n_q": 12617,
      "n_classes": 25
    },
    "size": {
      "mAP": 0.3431072511219545,
      "ci": [
        0.342190346295111,
        0.3440030398730881
      ],
      "R1": 0.34580328128715226,
      "chance": 0.34283100980874337,
      "n_q": 12617,
      "n_classes": 3
    },
    "shape": {
      "mAP": 0.2516588103155986,
      "ci": [
        0.2515175120235238,
        0.25178225350941813
      ],
      "R1": 0.27248949829594993,
      "chance": 0.25010476089793043,
      "n_q": 12617,
      "n_classes": 4
    }
  },
  "sa_slots_i1": {
    "material": {
      "mAP": 0.04356407852238764,
      "ci": [
        0.043465718935552684,
        0.04365900497051661
      ],
      "R1": 0.06538796861377506,
      "chance": 0.04006760178796371,
      "n_q": 12617,
      "n_classes": 25
    },
    "size": {
      "mAP": 0.3461819733869143,
      "ci": [
        0.34511904776354074,
        0.34719888134540305
      ],
      "R1": 0.36220971704842675,
      "chance": 0.34283100980874337,
      "n_q": 12617,
      "n_classes": 3
    },
    "shape": {
      "mAP": 0.2538340569960186,
      "ci": [
        0.25355201611244227,
        0.25411081552791354
      ],
      "R1": 0.270191012126496,
      "chance": 0.25010476089793043,
      "n_q": 12617,
      "n_classes": 4
    }
  },
  "sa_slots_i3": {
    "material": {
      "mAP": 0.046864513944292974,
      "ci": [
        0.04671101466410104,
        0.04701907309722234
      ],
      "R1": 0.13362923040342395,
      "chance": 0.04006760178796371,
      "n_q": 12617,
      "n_classes": 25
    },
    "size": {
      "mAP": 0.34894387336500915,
      "ci": [
        0.3478543232418857,
        0.35009681443424334
      ],
      "R1": 0.41039866846318457,
      "chance": 0.34283100980874337,
      "n_q": 12617,
      "n_classes": 3
    },
    "shape": {
      "mAP": 0.2560942615974836,
      "ci": [
        0.2557247889495235,
        0.25646808740516924
      ],
      "R1": 0.30997860030118096,
      "chance": 0.25010476089793043,
      "n_q": 12617,
      "n_classes": 4
    }
  },
  "_verdict": {
    "SA_DESTRUCTION_LEG_CONFIRMED": true,
    "destruction_material_mAP_enc_gt_slots": true,
    "destruction_mAP_ci_separated": true,
    "destruction_material_R1_corroborates": true,
    "size_build_gate_passed": false,
    "n_iters_monotonicity_passed": false,
    "spearman_fgari_material": -0.5,
    "NOTE": "SA = local-DESTRUCTION corroboration only. size-build + monotonicity gates expected FALSE (retired as confounds). Lead with mAP; R@1 secondary. NOT equivalent to AKOrN INVERSION_CONFIRMED.",
    "mAP_material": {
      "encoder": 0.06313202821357984,
      "slots_i1": 0.04356407852238764,
      "slots_i3": 0.046864513944292974
    },
    "R1_material": {
      "encoder": 0.4147578663707696,
      "slots_i1": 0.06538796861377506,
      "slots_i3": 0.13362923040342395
    },
    "mAP_size": {
      "encoder": 0.3466474092743978,
      "slots_i1": 0.3461819733869143,
      "slots_i3": 0.34894387336500915
    },
    "fgari": {
      "sa_slots_i1": 0.35831920289185965,
      "sa_slots_i3": 0.5160749488828087,
      "sa_encoder": 0.0,
      "sa_raw": 0.0,
      "sa_encmask_i3": 0.0,
      "sa_enchard_i3": 0.0
    }
  }
}