{
  "meta": {
    "ckpt": "runs/clvtex_akorn_attn_repro/ema_99.pth",
    "data": "clevrtex_full",
    "n_images": 24,
    "bs": 6,
    "n_clusters": 11,
    "imsize": 128,
    "device": "cuda",
    "J": "attn",
    "N": 4,
    "ch": 256,
    "L": 1,
    "T": 8,
    "psize": 8,
    "elapsed_s": 6.1,
    "load_info": {
      "load_kind": "ema.ema_model",
      "n_missing": 0,
      "n_unexpected": 0,
      "missing_head": [],
      "unexpected_head": []
    }
  },
  "decomposition": {
    "L0": {
      "gJ_norm": [
        1.45334,
        1.94171,
        1.80413,
        1.78041,
        2.0011,
        2.17297,
        2.10119,
        2.06376,
        1.43798,
        1.88724,
        1.73729,
        1.78155,
        1.88206,
        2.12683,
        1.95563,
        2.07355,
        1.43989,
        1.96328,
        1.82608,
        1.78055,
        2.00742,
        2.21171,
        2.05215,
        2.12341,
        1.44643,
        1.92412,
        1.80536,
        1.83738,
        1.9957,
        2.21885,
        2.02676,
        2.08387
      ],
      "gc_norm": [
        1.3971,
        1.13739,
        1.157,
        1.18731,
        1.18297,
        1.22029,
        1.2187,
        1.21647,
        1.45189,
        1.17071,
        1.18328,
        1.19216,
        1.20944,
        1.20634,
        1.25002,
        1.19706,
        1.41641,
        1.15868,
        1.18405,
        1.20601,
        1.1998,
        1.23462,
        1.23928,
        1.21647,
        1.44051,
        1.16461,
        1.18997,
        1.21427,
        1.22614,
        1.24964,
        1.27133,
        1.23305
      ],
      "ratio_gJ_gc": [
        1.6293,
        2.47696,
        2.1259,
        2.11173,
        2.37454,
        2.53203,
        2.4911,
        2.40131,
        1.46776,
        2.26173,
        1.92238,
        2.0263,
        2.08077,
        2.44994,
        2.13815,
        2.36226,
        1.56065,
        2.42174,
        2.10032,
        2.04555,
        2.29305,
        2.52414,
        2.37103,
        2.44213,
        1.5201,
        2.3703,
        2.06223,
        2.0882,
        2.21504,
        2.45015,
        2.20009,
        2.27666
      ],
      "cos_gJ_gc": [
        0.23586,
        -0.1904,
        -0.44462,
        -0.37951,
        -0.33176,
        -0.30817,
        -0.23428,
        -0.29813,
        0.25649,
        -0.18249,
        -0.41422,
        -0.37359,
        -0.2924,
        -0.29737,
        -0.16826,
        -0.26222,
        0.22643,
        -0.19524,
        -0.45677,
        -0.37136,
        -0.33726,
        -0.29498,
        -0.21489,
        -0.30429,
        0.26968,
        -0.17934,
        -0.42505,
        -0.37869,
        -0.30935,
        -0.33181,
        -0.19148,
        -0.32805
      ],
      "common_mode_frac_gJ": [
        0.95789,
        0.93616,
        0.91717,
        0.9393,
        0.93861,
        0.95725,
        0.94959,
        0.95477,
        0.95636,
        0.93982,
        0.92172,
        0.94455,
        0.94699,
        0.96175,
        0.95777,
        0.95825,
        0.95715,
        0.93851,
        0.92639,
        0.9403,
        0.94908,
        0.9617,
        0.95714,
        0.95772,
        0.95896,
        0.939,
        0.91585,
        0.93776,
        0.94273,
        0.95708,
        0.95285,
        0.95543
      ],
      "common_mode_frac_gc": [
        0.86608,
        0.8304,
        0.91073,
        0.91955,
        0.93492,
        0.92411,
        0.93187,
        0.92583,
        0.86606,
        0.82962,
        0.91025,
        0.91568,
        0.93673,
        0.92541,
        0.9391,
        0.93037,
        0.89434,
        0.85485,
        0.92862,
        0.93764,
        0.94693,
        0.94652,
        0.95152,
        0.95017,
        0.88023,
        0.84288,
        0.91335,
        0.91384,
        0.93323,
        0.92009,
        0.93967,
        0.9233
      ],
      "R_global_per_step": [
        0.05767,
        0.51219,
        0.76071,
        0.77869,
        0.72588,
        0.71182,
        0.66091,
        0.67165,
        0.058,
        0.52445,
        0.76463,
        0.7813,
        0.73434,
        0.72282,
        0.6912,
        0.69568,
        0.05852,
        0.50823,
        0.76034,
        0.7756,
        0.72573,
        0.709,
        0.67237,
        0.66941,
        0.05833,
        0.52105,
        0.76115,
        0.77712,
        0.72318,
        0.70698,
        0.66285,
        0.67156
      ],
      "ratio_gJ_gc_mean": 2.181048810482025,
      "ratio_gJ_gc_max": 2.532028913497925,
      "common_mode_frac_gJ_mean": 0.9464249555021524,
      "R_global_first": 0.0576651468873024,
      "R_global_last": 0.6715618371963501,
      "R_global_rise": 0.6138966903090477
    }
  },
  "R_global_final_full": {
    "L0": 0.6459755748510361
  },
  "R_global_final_jzero": {
    "L0": 0.5290049761533737
  },
  "metrics_full": {
    "fgari": 0.6522150011933417,
    "mbo": 0.5137081641636517
  },
  "metrics_jzero": {
    "fgari": 0.3465522600045752,
    "mbo": 0.24891125141643564
  },
  "prediction": {
    "prediction": "ambiguous",
    "clauses": {
      "a_gJ_dominates": true,
      "b_gJ_common_mode": true,
      "c_raises_R_global": true,
      "d_fgari_unchanged": false,
      "delta_fgari_full_minus_jzero": 0.30566,
      "delta_mbo_full_minus_jzero": 0.2648
    },
    "decomp_layer_used": "L0",
    "thresholds": {
      "cm_thresh": 0.85,
      "ratio_thresh": 1.5,
      "fgari_tol": 3.0
    }
  },
  "prereg": "PREDICT severance INERT iff: (a) ratio_gJ_gc_mean>=ratio_thresh AND (b) common_mode_frac_gJ_mean>=cm_thresh AND (c) R_global rises / exceeds J-zero AND (d) |FG-ARI(full)-FG-ARI(Jzero)|<=fgari_tol pts. Falsifier: FG-ARI collapses under J-zero while g_J is NOT common-mode => coupling carries binding."
}