{
  "meta": {
    "ckpt": "runs/clvtex_normclamp/ema_499.pth",
    "data": "clevrtex_full",
    "n_images": 64,
    "bs": 8,
    "n_clusters": 11,
    "imsize": 128,
    "device": "cuda",
    "J": "attn",
    "N": 4,
    "ch": 256,
    "L": 1,
    "T": 8,
    "psize": 8,
    "elapsed_s": 5.1,
    "load_info": {
      "load_kind": "ema.ema_model",
      "n_missing": 0,
      "n_unexpected": 0,
      "missing_head": [],
      "unexpected_head": []
    }
  },
  "decomposition": {
    "L0": {
      "gJ_norm": [
        29.00496,
        123.26238,
        128.70227,
        124.96364,
        123.3235,
        125.78432,
        138.44075,
        124.53384,
        29.3084,
        123.52174,
        128.42969,
        126.39546,
        126.3391,
        132.49419,
        146.97919,
        130.73399,
        28.99131,
        124.64207,
        127.80835,
        124.75227,
        122.89571,
        124.08485,
        139.07527,
        125.9334,
        28.84756,
        124.88041,
        128.78854,
        125.22396,
        123.63678,
        126.99017,
        142.11182,
        127.74786,
        28.80024,
        123.89395,
        127.7418,
        126.44759,
        127.24524,
        130.81522,
        145.6586,
        132.04669,
        28.98779,
        124.54739,
        127.57368,
        122.54186,
        121.37731,
        121.02399,
        137.66418,
        123.32389,
        28.77308,
        124.99287,
        128.26765,
        124.15353,
        123.26338,
        125.38341,
        145.90648,
        132.97958,
        28.72158,
        124.75668,
        129.06216,
        124.58232,
        124.328,
        126.52365,
        143.49059,
        128.83931
      ],
      "gc_norm": [
        7.81766,
        23.1182,
        22.89114,
        22.58311,
        22.67507,
        22.54018,
        21.93864,
        21.34794,
        8.00978,
        23.66673,
        23.45103,
        23.20753,
        23.29681,
        23.07887,
        22.34741,
        21.86305,
        7.977,
        23.48477,
        23.05201,
        22.79091,
        23.00674,
        22.82894,
        22.32639,
        21.75616,
        7.9618,
        23.72676,
        23.6261,
        23.26382,
        23.30119,
        23.17786,
        22.5625,
        21.8889,
        7.78307,
        23.16726,
        22.87487,
        22.58555,
        22.62238,
        22.37989,
        21.76701,
        21.2101,
        7.87263,
        23.68256,
        23.63186,
        23.38268,
        23.47362,
        23.29246,
        22.6551,
        21.95415,
        7.96978,
        23.9223,
        24.07711,
        23.77893,
        23.8075,
        23.49282,
        22.76142,
        21.97372,
        7.91829,
        23.87839,
        23.76699,
        23.41251,
        23.54295,
        23.27588,
        22.66866,
        22.02358
      ],
      "ratio_gJ_gc": [
        7.24955,
        14.9256,
        16.50685,
        16.27944,
        16.01255,
        16.85093,
        18.9353,
        17.47497,
        7.13584,
        14.4227,
        16.15932,
        16.29621,
        16.34608,
        17.33856,
        19.61674,
        17.85759,
        7.01455,
        14.60664,
        16.07739,
        16.29119,
        15.9427,
        16.34936,
        18.40315,
        17.25241,
        7.28249,
        15.41557,
        16.46673,
        16.54807,
        16.41134,
        17.17835,
        19.11525,
        17.66969,
        7.29905,
        15.29439,
        16.79687,
        17.21307,
        17.41,
        18.32247,
        20.34919,
        18.91416,
        7.18877,
        14.68542,
        15.92788,
        15.51477,
        15.45207,
        15.74675,
        18.32106,
        17.2321,
        7.20628,
        14.99007,
        16.00528,
        15.84159,
        15.91396,
        16.48893,
        19.57372,
        18.40168,
        7.12085,
        14.50697,
        15.98547,
        15.9562,
        15.98896,
        16.58459,
        19.00063,
        17.67011
      ],
      "cos_gJ_gc": [
        0.24302,
        0.60767,
        0.63442,
        0.6223,
        0.59633,
        0.56368,
        0.53843,
        0.48236,
        0.24795,
        0.62078,
        0.63133,
        0.60523,
        0.57939,
        0.56417,
        0.53775,
        0.49027,
        0.24887,
        0.60488,
        0.63583,
        0.60955,
        0.57974,
        0.56223,
        0.54254,
        0.47764,
        0.25156,
        0.64848,
        0.67404,
        0.66337,
        0.62758,
        0.60617,
        0.57819,
        0.53167,
        0.25132,
        0.62737,
        0.63414,
        0.62201,
        0.5847,
        0.55475,
        0.52298,
        0.47239,
        0.24976,
        0.63573,
        0.67115,
        0.64318,
        0.61393,
        0.59847,
        0.5817,
        0.51734,
        0.25861,
        0.66989,
        0.6908,
        0.66546,
        0.62887,
        0.6027,
        0.57253,
        0.52114,
        0.25531,
        0.64484,
        0.66964,
        0.64269,
        0.60126,
        0.58052,
        0.55754,
        0.50546
      ],
      "common_mode_frac_gJ": [
        0.53724,
        0.96625,
        0.99254,
        1.01357,
        1.02387,
        1.01745,
        1.00281,
        1.01166,
        0.53845,
        0.96998,
        1.00118,
        1.01284,
        1.02162,
        1.01749,
        1.00333,
        1.01974,
        0.53647,
        0.96246,
        0.99691,
        1.01577,
        1.02984,
        1.0366,
        1.0176,
        1.04222,
        0.53892,
        0.96657,
        0.99479,
        1.01913,
        1.04254,
        1.0389,
        1.00605,
        1.03283,
        0.53801,
        0.97105,
        1.00154,
        1.02529,
        1.03896,
        1.0362,
        1.0113,
        1.02697,
        0.53835,
        0.97201,
        0.99927,
        1.02,
        1.03208,
        1.0361,
        1.00908,
        1.03064,
        0.53598,
        0.97257,
        0.99464,
        1.01683,
        1.03174,
        1.03655,
        1.00227,
        1.02594,
        0.53831,
        0.96983,
        0.99535,
        1.0152,
        1.03224,
        1.03606,
        1.01351,
        1.04647
      ],
      "common_mode_frac_gc": [
        0.65642,
        1.25278,
        1.24905,
        1.22589,
        1.20346,
        1.187,
        1.17845,
        1.17915,
        0.66477,
        1.25319,
        1.25701,
        1.22549,
        1.20176,
        1.18511,
        1.18027,
        1.18329,
        0.66112,
        1.26196,
        1.26897,
        1.23794,
        1.21601,
        1.19892,
        1.19311,
        1.19684,
        0.69324,
        1.32238,
        1.32035,
        1.29043,
        1.26343,
        1.24328,
        1.23886,
        1.24255,
        0.68621,
        1.3183,
        1.31863,
        1.28707,
        1.25829,
        1.23472,
        1.22243,
        1.22657,
        0.68336,
        1.28537,
        1.29246,
        1.26355,
        1.24121,
        1.22819,
        1.22808,
        1.23029,
        0.68626,
        1.31306,
        1.31015,
        1.28318,
        1.25968,
        1.24367,
        1.23424,
        1.23585,
        0.6848,
        1.30913,
        1.31868,
        1.29157,
        1.26398,
        1.24232,
        1.23765,
        1.2377
      ],