{
  "meta": {
    "ckpt": "runs/clvtex_akorn_attn_repro/ema_499.pth",
    "data": "clevrtex_full",
    "n_images": 64,
    "bs": 8,
    "n_clusters": 11,
    "imsize": 128,
    "device": "cuda",
    "J": "attn",
    "N": 4,
    "ch": 256,
    "L": 1,
    "T": 8,
    "psize": 8,
    "elapsed_s": 3.7,
    "load_info": {
      "load_kind": "ema.ema_model",
      "n_missing": 0,
      "n_unexpected": 0,
      "missing_head": [],
      "unexpected_head": []
    }
  },
  "decomposition": {
    "L0": {
      "gJ_norm": [
        3.82015,
        2.04812,
        2.19681,
        2.53404,
        2.69771,
        2.96201,
        2.86493,
        2.81311,
        3.83852,
        2.03362,
        2.18571,
        2.55831,
        2.72687,
        3.02341,
        2.94492,
        2.91378,
        3.82044,
        2.04538,
        2.16799,
        2.56314,
        2.7216,
        3.02297,
        2.83733,
        2.87809,
        3.82492,
        2.02733,
        2.18702,
        2.54298,
        2.68381,
        2.98559,
        2.84634,
        2.7993,
        3.84527,
        2.03228,
        2.18702,
        2.57097,
        2.74136,
        3.04156,
        2.91001,
        2.9193,
        3.8148,
        2.00529,
        2.1899,
        2.47298,
        2.64236,
        2.89873,
        2.78861,
        2.76953,
        3.79148,
        1.98315,
        2.20635,
        2.50536,
        2.67175,
        2.96025,
        2.86021,
        2.83205,
        3.79509,
        1.98679,
        2.20359,
        2.53031,
        2.69753,
        2.962,
        2.84274,
        2.80863
      ],
      "gc_norm": [
        1.55368,
        1.32802,
        1.1608,
        1.28766,
        1.27341,
        1.30426,
        1.33462,
        1.32351,
        1.57759,
        1.35286,
        1.17053,
        1.29366,
        1.29369,
        1.32314,
        1.34985,
        1.34209,
        1.56412,
        1.338,
        1.17492,
        1.29201,
        1.28796,
        1.32163,
        1.35332,
        1.32483,
        1.60543,
        1.36204,
        1.16242,
        1.30857,
        1.2885,
        1.32651,
        1.35232,
        1.33963,
        1.5622,
        1.33307,
        1.15489,
        1.28602,
        1.28412,
        1.31327,
        1.34395,
        1.32438,
        1.5681,
        1.33764,
        1.1421,
        1.29234,
        1.25035,
        1.30367,
        1.31798,
        1.31949,
        1.60428,
        1.37309,
        1.14812,
        1.31964,
        1.27888,
        1.33511,
        1.3489,
        1.34415,
        1.59417,
        1.3586,
        1.15605,
        1.31027,
        1.27964,
        1.33021,
        1.34427,
        1.33964
      ],
      "ratio_gJ_gc": [
        4.21057,
        2.64545,
        3.06744,
        3.54166,
        3.46401,
        3.99725,
        3.39234,
        3.58488,
        4.17606,
        2.57081,
        3.07987,
        3.52096,
        3.45489,
        3.96438,
        3.43046,
        3.60466,
        4.11725,
        2.58146,
        2.97979,
        3.51216,
        3.4229,
        3.87335,
        3.24498,
        3.55015,
        4.1303,
        2.65268,
        2.99001,
        3.57358,
        3.3261,
        3.94678,
        3.28674,
        3.51916,
        4.22391,
        2.66599,
        3.05978,
        3.61599,
        3.47319,
        4.02789,
        3.39685,
        3.6609,
        4.24801,
        2.57516,
        3.14483,
        3.44345,
        3.4472,
        3.93242,
        3.29131,
        3.5535,
        4.12863,
        2.56107,
        3.1436,
        3.445,
        3.41591,
        3.8736,
        3.33814,
        3.51492,
        4.14103,
        2.549,
        3.15271,
        3.4783,
        3.49829,
        3.87391,
        3.33511,
        3.53581
      ],
      "cos_gJ_gc": [
        0.40263,
        -0.01033,
        -0.13992,
        -0.10464,
        0.01055,
        -0.13188,
        0.03053,
        -0.16094,
        0.39026,
        -0.00137,
        -0.13907,
        -0.10133,
        0.01204,
        -0.11214,
        0.04412,
        -0.1408,
        0.40158,
        -0.01549,
        -0.14536,
        -0.10735,
        0.01432,
        -0.1402,
        0.04539,
        -0.17222,
        0.41911,
        0.00196,
        -0.09954,
        -0.07398,
        0.06274,
        -0.09028,
        0.09212,
        -0.11082,
        0.41324,
        0.0015,
        -0.11849,
        -0.10524,
        0.03831,
        -0.11394,
        0.06105,
        -0.14425,
        0.39127,
        0.01987,
        -0.13475,
        -0.04984,
        0.02813,
        -0.0957,
        0.04768,
        -0.14414,
        0.39714,
        0.01783,
        -0.12601,
        -0.0587,
        0.0399,
        -0.07835,
        0.08391,
        -0.10833,
        0.39483,
        0.01557,
        -0.12967,
        -0.05926,
        0.03874,
        -0.07987,
        0.06618,
        -0.11363
      ],
      "common_mode_frac_gJ": [
        0.95644,
        0.94073,
        0.94781,
        0.96603,
        0.96537,
        0.96516,
        0.9699,
        0.95998,
        0.95747,
        0.94001,
        0.94737,
        0.96303,
        0.97022,
        0.96858,
        0.97169,
        0.95943,
        0.95693,
        0.93817,
        0.94381,
        0.96529,
        0.96826,
        0.96718,
        0.96839,
        0.96,
        0.9549,
        0.93951,
        0.94365,
        0.96192,
        0.96288,
        0.96754,
        0.96836,
        0.95847,
        0.95747,
        0.9386,
        0.94153,
        0.96622,
        0.9671,
        0.96755,
        0.96785,
        0.96024,
        0.95651,
        0.93685,
        0.94403,
        0.96372,
        0.96776,
        0.965,
        0.96864,
        0.95449,
        0.95629,
        0.9355,
        0.94471,
        0.9612,
        0.96353,
        0.96579,
        0.96943,
        0.9557,
        0.95535,
        0.93519,
        0.94261,
        0.9622,
        0.96478,
        0.96569,
        0.9682,
        0.95665
      ],
      "common_mode_frac_gc": [
        0.89392,
        0.87307,
        0.93305,
        0.94487,
        0.95994,
        0.94458,
        0.95468,
        0.94712,
        0.90832,
        0.88544,
        0.94325,
        0.95347,
        0.96022,
        0.95497,
        0.96026,
        0.95651,
        0.91155,
        0.88737,
        0.93944,
        0.95229,
        0.96027,
        0.95201,
        0.96178,
        0.95426,
        0.8868,
        0.85977,
        0.93106,
        0.94545,
        0.9604,
        0.94707,
        0.95561,
        0.94568,
        0.89967,
        0.87089,
        0.93108,
        0.94539,
        0.96022,
        0.95106,
        0.95966,
        0.95353,
        0.8904,
        0.86402,
        0.92436,
        0.9422,
        0.95508,
        0.94487,
        0.94854,
        0.94711,
        0.87453,
        0.84812,
        0.91409,
        0.9352,
        0.94886,
        0.93883,
        0.94319,
        0.94054,
        0.88865,
        0.86427,
        0.92642,
        0.94368,
        0.95722,
        0.94507,
        0.95273,
        0.95043
      ],