{
  "rows": {
    "rawpixels": {
      "name": "rawpixels",
      "n_objects": 3105,
      "attrs": {
        "shape": {
          "acc": 0.26536964980544747,
          "ci": [
            0.24124513618677043,
            0.2871789883268482
          ],
          "chance": 0.28249027237354085,
          "n_classes": 4,
          "n_train": 1820,
          "n_test": 1285
        },
        "size": {
          "acc": 0.3408560311284047,
          "ci": [
            0.3151556420233463,
            0.3657587548638132
          ],
          "chance": 0.3463035019455253,
          "n_classes": 3,
          "n_train": 1820,
          "n_test": 1285
        },
        "color": {
          "acc": 0.13151750972762646,
          "ci": [
            0.11282101167315176,
            0.15019455252918287
          ],
          "chance": 0.12840466926070038,
          "n_classes": 8,
          "n_train": 1820,
          "n_test": 1285
        },
        "material": {
          "acc": 0.4093385214007782,
          "ci": [
            0.38210116731517507,
            0.434260700389105
          ],
          "chance": 0.014785992217898832,
          "n_classes": 60,
          "n_train": 1820,
          "n_test": 1285
        }
      },
      "attrs_l2": {
        "shape": {
          "acc": 0.2840466926070039,
          "ci": [
            0.25680933852140075,
            0.30739299610894943
          ],
          "chance": 0.28249027237354085,
          "n_classes": 4,
          "n_train": 1820,
          "n_test": 1285
        },
        "size": {
          "acc": 0.35019455252918286,
          "ci": [
            0.32529182879377433,
            0.37433852140077817
          ],
          "chance": 0.3463035019455253,
          "n_classes": 3,
          "n_train": 1820,
          "n_test": 1285
        },
        "color": {
          "acc": 0.12762645914396886,
          "ci": [
            0.10972762645914397,
            0.14552529182879378
          ],
          "chance": 0.12840466926070038,
          "n_classes": 8,
          "n_train": 1820,
          "n_test": 1285
        },
        "material": {
          "acc": 0.3595330739299611,
          "ci": [
            0.33073929961089493,
            0.38523346303501943
          ],
          "chance": 0.014785992217898832,
          "n_classes": 60,
          "n_train": 1820,
          "n_test": 1285
        }
      }
    },
    "patchfy_full": {
      "name": "patchfy_full",
      "n_objects": 3105,
      "attrs": {
        "shape": {
          "acc": 0.30894941634241246,
          "ci": [
            0.2848054474708171,
            0.335408560311284
          ],
          "chance": 0.28249027237354085,
          "n_classes": 4,
          "n_train": 1820,
          "n_test": 1285
        },
        "size": {
          "acc": 0.354863813229572,
          "ci": [
            0.3299416342412451,
            0.37978599221789877
          ],
          "chance": 0.3463035019455253,
          "n_classes": 3,
          "n_train": 1820,
          "n_test": 1285
        },
        "color": {
          "acc": 0.12684824902723735,
          "ci": [
            0.10894941634241245,
            0.14474708171206227
          ],
          "chance": 0.12840466926070038,
          "n_classes": 8,
          "n_train": 1820,
          "n_test": 1285
        },
        "material": {
          "acc": 0.2544747081712062,
          "ci": [
            0.22957198443579765,
            0.2785992217898833
          ],
          "chance": 0.014785992217898832,
          "n_classes": 60,
          "n_train": 1820,
          "n_test": 1285
        }
      },
      "attrs_l2": {
        "shape": {
          "acc": 0.29105058365758757,
          "ci": [
            0.2669260700389105,
            0.3151750972762646
          ],
          "chance": 0.28249027237354085,
          "n_classes": 4,
          "n_train": 1820,
          "n_test": 1285
        },
        "size": {
          "acc": 0.3416342412451362,
          "ci": [
            0.3151556420233463,
            0.3680933852140078
          ],
          "chance": 0.3463035019455253,
          "n_classes": 3,
          "n_train": 1820,
          "n_test": 1285
        },
        "color": {
          "acc": 0.133852140077821,
          "ci": [
            0.11595330739299611,
            0.15021400778210114
          ],
          "chance": 0.12840466926070038,
          "n_classes": 8,
          "n_train": 1820,
          "n_test": 1285
        },
        "material": {
          "acc": 0.245136186770428,
          "ci": [
            0.22101167315175096,
            0.26926070038910505
          ],
          "chance": 0.014785992217898832,
          "n_classes": 60,
          "n_train": 1820,
          "n_test": 1285
        }
      }
    },
    "full_readout": {
      "name": "full_readout",
      "n_objects": 3105,
      "attrs": {
        "shape": {
          "acc": 0.4801556420233463,
          "ci": [
            0.45136186770428016,
            0.5050778210116731
          ],
          "chance": 0.28249027237354085,
          "n_classes": 4,
          "n_train": 1820,
          "n_test": 1285
        },
        "size": {
          "acc": 0.6054474708171206,
          "ci": [
            0.5782101167315176,
            0.6295719844357976
          ],
          "chance": 0.3463035019455253,
          "n_classes": 3,
          "n_train": 1820,
          "n_test": 1285
        },
        "color": {
          "acc": 0.1245136186770428,
          "ci": [
            0.1066147859922179,
            0.14165369649805445
          ],
          "chance": 0.12840466926070038,
          "n_classes": 8,
          "n_train": 1820,
          "n_test": 1285
        },
        "material": {
          "acc": 0.26848249027237353,
          "ci": [
            0.2451167315175097,
            0.29494163424124514
          ],
          "chance": 0.014785992217898832,
          "n_classes": 60,
          "n_train": 1820,
          "n_test": 1285
        }
      },
      "attrs_l2": {
        "shape": {
          "acc": 0.4840466926070039,
          "ci": [
            0.45525291828793774,
            0.511284046692607
          ],
          "chance": 0.28249027237354085,
          "n_classes": 4,
          "n_train": 1820,
          "n_test": 1285
        },
        "size": {
          "acc": 0.6108949416342413,
          "ci": [
            0.5836575875486382,
            0.6350194552529183
          ],
          "chance": 0.3463035019455253,
          "n_classes": 3,
          "n_train": 1820,
          "n_test": 1285
        },
        "color": {
          "acc": 0.12217898832684825,
          "ci": [
            0.10428015564202335,
            0.13929961089494164
          ],
          "chance": 0.12840466926070038,
          "n_classes": 8,
          "n_train": 1820,
          "n_test": 1285
        },
        "material": {
          "acc": 0.266147859922179,
          "ci": [
            0.24357976653696498,
            0.2918482490272373
          ],
          "chance": 0.014785992217898832,
          "n_classes": 60,
          "n_train": 1820,
          "n_test": 1285
        }
      }
    },
    "randinit": {
      "name": "randinit",
      "n_objects": 3105,
      "attrs": {
        "shape": {
          "acc": 0.34552529182879377,
          "ci": [
            0.31906614785992216,
            0.3727626459143969
          ],
          "chance": 0.28249027237354085,
          "n_classes": 4,
          "n_train": 1820,
          "n_test": 1285
        },
        "size": {
          "acc": 0.4303501945525292,
          "ci": [
            0.40077821011673154,
            0.455272373540856
          ],
          "chance": 0.3463035019455253,
          "n_classes": 3,
          "n_train": 1820,
          "n_test": 1285
        },
        "color": {
          "acc": 0.11828793774319066,
          "ci": [
            0.10116731517509728,
            0.13620622568093382
          ],