{
  "full": {
    "fgari": 75.5,
    "n_objects": 3105,
    "ckpt": "/root/NC/external/akorn/runs/clvtex_akorn_attn_repro/ema_model.pth",
    "attrs": {
      "shape": {
        "acc": 0.48093385214007783,
        "ci": [
          0.4529182879377432,
          0.5066147859922179
        ],
        "chance": 0.28249027237354085,
        "n_classes": 4,
        "n_train": 1820,
        "n_test": 1285
      },
      "size": {
        "acc": 0.6038910505836576,
        "ci": [
          0.5743190661478599,
          0.6280350194552529
        ],
        "chance": 0.3463035019455253,
        "n_classes": 3,
        "n_train": 1820,
        "n_test": 1285
      },
      "color": {
        "acc": 0.11750972762645914,
        "ci": [
          0.09961089494163425,
          0.13540856031128404
        ],
        "chance": 0.12840466926070038,
        "n_classes": 8,
        "n_train": 1820,
        "n_test": 1285
      },
      "material": {
        "acc": 0.2622568093385214,
        "ci": [
          0.23735408560311283,
          0.2848249027237354
        ],
        "chance": 0.014785992217898832,
        "n_classes": 60,
        "n_train": 1820,
        "n_test": 1285
      }
    },
    "U_norm": 0.22732628032091,
    "U_mean_acc": 0.36614785992217896
  },
  "projoff": {
    "fgari": 76.7,
    "n_objects": 3105,
    "ckpt": "/root/NC/external/akorn/runs/clvtex_projoff/ema_model.pth",
    "attrs": {
      "shape": {
        "acc": 0.5190661478599222,
        "ci": [
          0.49182879377431904,
          0.5447470817120622
        ],
        "chance": 0.28249027237354085,
        "n_classes": 4,
        "n_train": 1820,
        "n_test": 1285
      },
      "size": {
        "acc": 0.6093385214007782,
        "ci": [
          0.5828793774319067,
          0.6365953307392995
        ],
        "chance": 0.3463035019455253,
        "n_classes": 3,
        "n_train": 1820,
        "n_test": 1285
      },
      "color": {
        "acc": 0.12918287937743192,
        "ci": [
          0.111284046692607,
          0.14863813229571984
        ],
        "chance": 0.12840466926070038,
        "n_classes": 8,
        "n_train": 1820,
        "n_test": 1285
      },
      "material": {
        "acc": 0.25136186770428015,
        "ci": [
          0.22801556420233463,
          0.2754863813229572
        ],
        "chance": 0.014785992217898832,
        "n_classes": 60,
        "n_train": 1820,
        "n_test": 1285
      }
    },
    "U_norm": 0.24327954904217036,
    "U_mean_acc": 0.3772373540856031
  },
  "normclamp": {
    "fgari": 80.9,
    "n_objects": 3105,
    "ckpt": "/root/NC/external/akorn/runs/clvtex_normclamp/ema_model.pth",
    "attrs": {
      "shape": {
        "acc": 0.5377431906614786,
        "ci": [
          0.5128210116731517,
          0.5649805447470817
        ],
        "chance": 0.28249027237354085,
        "n_classes": 4,
        "n_train": 1820,
        "n_test": 1285
      },
      "size": {
        "acc": 0.6124513618677043,
        "ci": [
          0.5875486381322957,
          0.6389299610894941
        ],
        "chance": 0.3463035019455253,
        "n_classes": 3,
        "n_train": 1820,
        "n_test": 1285
      },
      "color": {
        "acc": 0.12607003891050583,
        "ci": [
          0.1066147859922179,
          0.1431906614785992
        ],
        "chance": 0.12840466926070038,
        "n_classes": 8,
        "n_train": 1820,
        "n_test": 1285
      },
      "material": {
        "acc": 0.2708171206225681,
        "ci": [
          0.24747081712062258,
          0.29494163424124514
        ],
        "chance": 0.014785992217898832,
        "n_classes": 60,
        "n_train": 1820,
        "n_test": 1285
      }
    },
    "U_norm": 0.25502156912744023,
    "U_mean_acc": 0.38677042801556416
  },
  "severed": {
    "fgari": 38.5,
    "n_objects": 3105,
    "ckpt": "/root/NC/external/akorn/runs/clvtex_severed_none/ema_model.pth",
    "attrs": {
      "shape": {
        "acc": 0.5299610894941634,
        "ci": [
          0.5042801556420233,
          0.5579766536964981
        ],
        "chance": 0.28249027237354085,
        "n_classes": 4,
        "n_train": 1820,
        "n_test": 1285
      },
      "size": {
        "acc": 0.47470817120622566,
        "ci": [
          0.4466926070038911,
          0.5011673151750973
        ],
        "chance": 0.3463035019455253,
        "n_classes": 3,
        "n_train": 1820,
        "n_test": 1285
      },
      "color": {
        "acc": 0.1431906614785992,
        "ci": [
          0.12295719844357976,
          0.16344357976653695
        ],
        "chance": 0.12840466926070038,
        "n_classes": 8,
        "n_train": 1820,
        "n_test": 1285
      },
      "material": {
        "acc": 0.46926070038910506,
        "ci": [
          0.44280155642023344,
          0.49494163424124515
        ],
        "chance": 0.014785992217898832,
        "n_classes": 60,
        "n_train": 1820,
        "n_test": 1285
      }
    },
    "U_norm": 0.25489766547534604,
    "U_mean_acc": 0.40428015564202335
  },
  "_verdict": {
    "label": "DISSOCIATION-REAL",
    "D1_hollow_clamp": false,
    "D2_whatwhere_split": true,
    "spearman_fg_u": 0.39999999999999997,
    "U_full": 0.22732628032091,
    "U_clamp": 0.25502156912744023,
    "U_severed": 0.25489766547534604
  },
  "_meta": {
    "n_scenes": 500,
    "seconds": 321.9,
    "device": "cuda",
    "seed": 0
  }
}