{
  "_meta": {
    "data_type": "outd",
    "n_scenes": 2000
  },
  "rawpixels": {
    "material": {
      "mAP": 0.5532567080083385,
      "ci": [
        0.5482481550448675,
        0.5580473075071497
      ],
      "R1": 0.7118173892367441,
      "chance": 0.04006760178796371
    },
    "size": {
      "mAP": 0.3431072511219545,
      "ci": [
        0.342190346295111,
        0.3440030398730881
      ],
      "R1": 0.34580328128715226,
      "chance": 0.34283100980874337
    },
    "shape": {
      "mAP": 0.2516588103155986,
      "ci": [
        0.2515175120235238,
        0.25178225350941813
      ],
      "R1": 0.27248949829594993,
      "chance": 0.25010476089793043
    }
  },
  "patchfy": {
    "material": {
      "mAP": 0.18137803308990083,
      "ci": [
        0.17861216436263053,
        0.18411598995857265
      ],
      "R1": 0.48513909804232386,
      "chance": 0.04006760178796371
    },
    "size": {
      "mAP": 0.3437176333460985,
      "ci": [
        0.34280992877277167,
        0.3445860072068138
      ],
      "R1": 0.3855908694618372,
      "chance": 0.34283100980874337
    },
    "shape": {
      "mAP": 0.2538619472556955,
      "ci": [
        0.253653667820525,
        0.25406884519525885
      ],
      "R1": 0.31988586827296506,
      "chance": 0.25010476089793043
    }
  },
  "randinit": {
    "material": {
      "mAP": 0.2291195336966649,
      "ci": [
        0.22659366939194434,
        0.2315080455074211
      ],
      "R1": 0.6579218514702385,
      "chance": 0.04006760178796371
    },
    "size": {
      "mAP": 0.3438238996391973,
      "ci": [
        0.34311673190529923,
        0.3445061851611043
      ],
      "R1": 0.36942220813188553,
      "chance": 0.34283100980874337
    },
    "shape": {
      "mAP": 0.2568183153511285,
      "ci": [
        0.25653420528158266,
        0.2570757941929537
      ],
      "R1": 0.40841721486882776,
      "chance": 0.25010476089793043
    }
  },
  "_severed_between_floors": {
    "severed": 0.3425746273898861,
    "raw": 0.5532567080083385,
    "patchfy": 0.18137803308990083,
    "randinit": 0.2291195336966649,
    "full": 0.09553917356489124
  }
}