{
  "full": {
    "material": {
      "mAP": 0.09553917356489124,
      "ci": [
        0.09462129674473471,
        0.09643984868892479
      ],
      "R1": 0.43385907902036935,
      "chance": 0.04006760178796371,
      "n_q": 12617,
      "n_classes": 25
    },
    "size": {
      "mAP": 0.3545486355040035,
      "ci": [
        0.35360096948809044,
        0.35546558983658894
      ],
      "R1": 0.4998811127843386,
      "chance": 0.34283100980874337,
      "n_q": 12617,
      "n_classes": 3
    },
    "shape": {
      "mAP": 0.26348051931531047,
      "ci": [
        0.26308119084842574,
        0.26388431346364155
      ],
      "R1": 0.4000951097725291,
      "chance": 0.25010476089793043,
      "n_q": 12617,
      "n_classes": 4
    }
  },
  "itrsa": {
    "material": {
      "mAP": 0.10277145635222872,
      "ci": [
        0.10172000867748286,
        0.10384768328764972
      ],
      "R1": 0.48656574463026075,
      "chance": 0.04006760178796371,
      "n_q": 12617,
      "n_classes": 25
    },
    "size": {
      "mAP": 0.3520599114138366,
      "ci": [
        0.35099857265136714,
        0.3530848618993047
      ],
      "R1": 0.4747562812078941,
      "chance": 0.34283100980874337,
      "n_q": 12617,
      "n_classes": 3
    },
    "shape": {
      "mAP": 0.2574149609778962,
      "ci": [
        0.25712104786869416,
        0.2576849447828707
      ],
      "R1": 0.36553855908694616,
      "chance": 0.25010476089793043,
      "n_q": 12617,
      "n_classes": 4
    }
  },
  "severed": {
    "material": {
      "mAP": 0.3425746273898861,
      "ci": [
        0.3380262394885555,
        0.34761385421771346
      ],
      "R1": 0.762621859396053,
      "chance": 0.04006760178796371,
      "n_q": 12617,
      "n_classes": 25
    },
    "size": {
      "mAP": 0.34568623775597995,
      "ci": [
        0.34482181944257284,
        0.3465039756672827
      ],
      "R1": 0.3983514306094951,
      "chance": 0.34283100980874337,
      "n_q": 12617,
      "n_classes": 3
    },
    "shape": {
      "mAP": 0.2614824464438584,
      "ci": [
        0.2611306454837341,
        0.26184184244228254
      ],
      "R1": 0.5085202504557343,
      "chance": 0.25010476089793043,
      "n_q": 12617,
      "n_classes": 4
    }
  },
  "normclamp": {
    "material": {
      "mAP": 0.09192540959481735,
      "ci": [
        0.0910408135034721,
        0.0928119380449254
      ],
      "R1": 0.42886581596259016,
      "chance": 0.04006760178796371,
      "n_q": 12617,
      "n_classes": 25
    },
    "size": {
      "mAP": 0.3565370956508332,
      "ci": [
        0.3555364334379429,
        0.35753356814450976
      ],
      "R1": 0.5128794483633193,
      "chance": 0.34283100980874337,
      "n_q": 12617,
      "n_classes": 3
    },
    "shape": {
      "mAP": 0.263416945382361,
      "ci": [
        0.2630019404205118,
        0.26382245513800834
      ],
      "R1": 0.4012047237853689,
      "chance": 0.25010476089793043,
      "n_q": 12617,
      "n_classes": 4
    }
  },
  "_verdict": {
    "INVERSION_CONFIRMED": true,
    "mat_severed_gt_full": true,
    "mat_severed_gt_itrsa": true,
    "spearman_fg_material": -1.0,
    "size_control_full_ge_severed": true,
    "material_full": 0.09553917356489124,
    "material_severed": 0.3425746273898861,
    "material_itrsa": 0.10277145635222872,
    "size_full": 0.3545486355040035,
    "size_severed": 0.34568623775597995
  }
}