{
  "rawpixels": {
    "material": {
      "mAP": 0.27791871048836797,
      "ci": [
        0.26882748017180597,
        0.2872364727683782
      ],
      "R1": 0.3893719806763285,
      "chance": 0.01695493995711037,
      "n_q": 3105,
      "n_classes": 60
    },
    "size": {
      "mAP": 0.3372407203888326,
      "ci": [
        0.3362972432575594,
        0.3382869825355953
      ],
      "R1": 0.33590982286634463,
      "chance": 0.3355640090135644,
      "n_q": 3105,
      "n_classes": 3
    },
    "shape": {
      "mAP": 0.2526016308863916,
      "ci": [
        0.2520529124111213,
        0.2531549498384069
      ],
      "R1": 0.25925925925925924,
      "chance": 0.25101221083857783,
      "n_q": 3105,
      "n_classes": 4
    }
  },
  "patchfy_full": {
    "material": {
      "mAP": 0.0794199810262688,
      "ci": [
        0.07652300306221224,
        0.08232724197070597
      ],
      "R1": 0.19033816425120773,
      "chance": 0.01695493995711037,
      "n_q": 3105,
      "n_classes": 60
    },
    "size": {
      "mAP": 0.33918815314415507,
      "ci": [
        0.3382939853249435,
        0.3400794558397197
      ],
      "R1": 0.3864734299516908,
      "chance": 0.3355640090135644,
      "n_q": 3105,
      "n_classes": 3
    },
    "shape": {
      "mAP": 0.25498408871308753,
      "ci": [
        0.2543711341631239,
        0.2557365647355064
      ],
      "R1": 0.2743961352657005,
      "chance": 0.25101221083857783,
      "n_q": 3105,
      "n_classes": 4
    }
  },
  "full_readout": {
    "material": {
      "mAP": 0.0439030787060776,
      "ci": [
        0.042950528524568,
        0.044773014124037516
      ],
      "R1": 0.15072463768115943,
      "chance": 0.01695493995711037,
      "n_q": 3105,
      "n_classes": 60
    },
    "size": {
      "mAP": 0.36360523850041,
      "ci": [
        0.3622585533428195,
        0.36505856738147097
      ],
      "R1": 0.5111111111111111,
      "chance": 0.3355640090135644,
      "n_q": 3105,
      "n_classes": 3
    },
    "shape": {
      "mAP": 0.27402825236062284,
      "ci": [
        0.27306426194940076,
        0.2751164205754109
      ],
      "R1": 0.40096618357487923,
      "chance": 0.25101221083857783,
      "n_q": 3105,
      "n_classes": 4
    }
  },
  "randinit": {
    "material": {
      "mAP": 0.08207132298887877,
      "ci": [
        0.07946598063907603,
        0.08474678495240524
      ],
      "R1": 0.23413848631239936,
      "chance": 0.01695493995711037,
      "n_q": 3105,
      "n_classes": 60
    },
    "size": {
      "mAP": 0.34431176514667355,
      "ci": [
        0.3433036608622409,
        0.3453630145488
      ],
      "R1": 0.39484702093397744,
      "chance": 0.3355640090135644,
      "n_q": 3105,
      "n_classes": 3
    },
    "shape": {
      "mAP": 0.25854223081523425,
      "ci": [
        0.25780634198749347,
        0.25935631441447743
      ],
      "R1": 0.31529790660225443,
      "chance": 0.25101221083857783,
      "n_q": 3105,
      "n_classes": 4
    }
  },
  "severed_readout": {
    "material": {
      "mAP": 0.17329442585983285,
      "ci": [
        0.16671552813906856,
        0.17952040440841377
      ],
      "R1": 0.40933977455716586,
      "chance": 0.01695493995711037,
      "n_q": 3105,
      "n_classes": 60
    },
    "size": {
      "mAP": 0.3451398416278133,
      "ci": [
        0.34397533398585145,
        0.34631347650452543
      ],
      "R1": 0.3855072463768116,
      "chance": 0.3355640090135644,
      "n_q": 3105,
      "n_classes": 3
    },
    "shape": {
      "mAP": 0.2728697251988979,
      "ci": [
        0.2718316777513153,
        0.2740136723525923
      ],
      "R1": 0.42447665056360706,
      "chance": 0.25101221083857783,
      "n_q": 3105,
      "n_classes": 4
    }
  },
  "itrsa_readout": {
    "material": {
      "mAP": 0.04296119810563972,
      "ci": [
        0.04208642986935618,
        0.04379737026064156
      ],
      "R1": 0.14782608695652175,
      "chance": 0.01695493995711037,
      "n_q": 3105,
      "n_classes": 60
    },
    "size": {
      "mAP": 0.3606194811552227,
      "ci": [
        0.35909106559257725,
        0.36232052512479124
      ],
      "R1": 0.5072463768115942,
      "chance": 0.3355640090135644,
      "n_q": 3105,
      "n_classes": 3
    },
    "shape": {
      "mAP": 0.26744587631402383,
      "ci": [
        0.2664694335457176,
        0.2684942694529297
      ],
      "R1": 0.3533011272141707,
      "chance": 0.25101221083857783,
      "n_q": 3105,
      "n_classes": 4
    }
  },
  "_verdict": {
    "INVERSION_CONFIRMED": true,
    "mat_severed_gt_full": true,
    "mat_severed_gt_itrsa": true,
    "spearman_fg_material": -0.5,
    "size_control_full_ge_severed": true,
    "material_full": 0.0439030787060776,
    "material_severed": 0.17329442585983285,
    "material_itrsa": 0.04296119810563972,
    "size_full": 0.36360523850041,
    "size_severed": 0.3451398416278133
  }
}