{
  "full": {
    "material": {
      "mAP": 0.0386761048408685,
      "ci": [
        0.03829414074219109,
        0.039099755827554976
      ],
      "R1": 0.19575584167858845,
      "chance": 0.01675498003483415,
      "n_q": 12582,
      "n_classes": 60
    },
    "size": {
      "mAP": 0.36260757712934005,
      "ci": [
        0.3619382883023046,
        0.36325395373498215
      ],
      "R1": 0.5419647114926085,
      "chance": 0.33537589976279214,
      "n_q": 12582,
      "n_classes": 3
    },
    "shape": {
      "mAP": 0.27266468214999623,
      "ci": [
        0.2721976720390824,
        0.273159471759553
      ],
      "R1": 0.4356223175965665,
      "chance": 0.2504971677640174,
      "n_q": 12582,
      "n_classes": 4
    }
  },
  "itrsa": {
    "material": {
      "mAP": 0.03883944985155438,
      "ci": [
        0.03842173705825979,
        0.039258416953455166
      ],
      "R1": 0.19996820855189953,
      "chance": 0.01675498003483415,
      "n_q": 12582,
      "n_classes": 60
    },
    "size": {
      "mAP": 0.3597476270110325,
      "ci": [
        0.35898351094518655,
        0.3605083060954463
      ],
      "R1": 0.5105706564934033,
      "chance": 0.33537589976279214,
      "n_q": 12582,
      "n_classes": 3
    },
    "shape": {
      "mAP": 0.265213834902042,
      "ci": [
        0.2647458627339971,
        0.2656342634274637
      ],
      "R1": 0.3756159593069464,
      "chance": 0.2504971677640174,
      "n_q": 12582,
      "n_classes": 4
    }
  },
  "severed": {
    "material": {
      "mAP": 0.1654561747041821,
      "ci": [
        0.16221363213837492,
        0.168805481446392
      ],
      "R1": 0.4707518677475759,
      "chance": 0.01675498003483415,
      "n_q": 12582,
      "n_classes": 60
    },
    "size": {
      "mAP": 0.34425793013995004,
      "ci": [
        0.3437632943154366,
        0.34472674153218685
      ],
      "R1": 0.4316483865840089,
      "chance": 0.33537589976279214,
      "n_q": 12582,
      "n_classes": 3
    },
    "shape": {
      "mAP": 0.2728342446921414,
      "ci": [
        0.2723107179943875,
        0.27334368519288726
      ],
      "R1": 0.5018280082657766,
      "chance": 0.2504971677640174,
      "n_q": 12582,
      "n_classes": 4
    }
  },
  "normclamp": {
    "material": {
      "mAP": 0.035140097451872354,
      "ci": [
        0.034807885447342826,
        0.03548048841867287
      ],
      "R1": 0.18494674932443173,
      "chance": 0.01675498003483415,
      "n_q": 12582,
      "n_classes": 60
    },
    "size": {
      "mAP": 0.361940806942689,
      "ci": [
        0.36125621662717994,
        0.36264799231452177
      ],
      "R1": 0.546971864568431,
      "chance": 0.33537589976279214,
      "n_q": 12582,
      "n_classes": 3
    },
    "shape": {
      "mAP": 0.27570163974893563,
      "ci": [
        0.2751919974641387,
        0.27618267407817454
      ],
      "R1": 0.46328087744396756,
      "chance": 0.2504971677640174,
      "n_q": 12582,
      "n_classes": 4
    }
  },
  "_verdict": {
    "INVERSION_CONFIRMED": true,
    "mat_severed_gt_full": true,
    "mat_severed_gt_itrsa": true,
    "spearman_fg_material": -1.0,
    "material_specific_size_not_lost": true,
    "NOTE": "size leg = material-SPECIFICITY control only (size not also destroyed); grouping does NOT build size (spatial-context confound, retired). real_gt = CI-sep + effect-size + R@1 agreement.",
    "material_full": 0.0386761048408685,
    "material_severed": 0.1654561747041821,
    "material_itrsa": 0.03883944985155438,
    "size_full": 0.36260757712934005,
    "size_severed": 0.34425793013995004
  }
}