{
  "_meta": {
    "data_type": "outd",
    "n_scenes": 320,
    "Ts": [
      1,
      2,
      4,
      6,
      8
    ],
    "device": "cuda"
  },
  "sweep": [
    {
      "T": 1,
      "fgari": 0.024664261538375164,
      "n_fgari": 320,
      "n_obj": 2015,
      "material": {
        "mAP": 0.13878373255715518,
        "ci": [
          0.13386395956759703,
          0.14349384931817855
        ],
        "R1": 0.2794044665012407,
        "chance": 0.04055957490040577
      },
      "size": {
        "mAP": 0.35506365521353217,
        "ci": [
          0.3528170419873977,
          0.35720840099591306
        ],
        "R1": 0.29727047146401986,
        "chance": 0.3436984403573694
      },
      "shape": {
        "mAP": 0.25419216963670804,
        "ci": [
          0.25351438974340496,
          0.25486361265516005
        ],
        "R1": 0.24069478908188585,
        "chance": 0.25051099384886305
      }
    },
    {
      "T": 2,
      "fgari": 0.2554851042121197,
      "n_fgari": 320,
      "n_obj": 2015,
      "material": {
        "mAP": 0.1986445207876869,
        "ci": [
          0.19218516193756177,
          0.20573915820841843
        ],
        "R1": 0.4684863523573201,
        "chance": 0.04055957490040577
      },
      "size": {
        "mAP": 0.3483393423788688,
        "ci": [
          0.3462762828372999,
          0.350496752925751
        ],
        "R1": 0.34739454094292804,
        "chance": 0.3436984403573694
      },
      "shape": {
        "mAP": 0.25853841121149956,
        "ci": [
          0.25770474753701017,
          0.25936538339357834
        ],
        "R1": 0.3205955334987593,
        "chance": 0.25051099384886305
      }
    },
    {
      "T": 4,
      "fgari": 0.47193597321670977,
      "n_fgari": 320,
      "n_obj": 2015,
      "material": {
        "mAP": 0.17613700170233018,
        "ci": [
          0.17017419734303071,
          0.18183490219134865
        ],
        "R1": 0.480893300248139,
        "chance": 0.04055957490040577
      },
      "size": {
        "mAP": 0.35819716410463864,
        "ci": [
          0.35570202754125885,
          0.36068473058963063
        ],
        "R1": 0.47245657568238214,
        "chance": 0.3436984403573694
      },
      "shape": {
        "mAP": 0.26635088630536524,
        "ci": [
          0.2651015623120364,
          0.26763982968782396
        ],
        "R1": 0.36625310173697273,
        "chance": 0.25051099384886305
      }
    },
    {
      "T": 6,
      "fgari": 0.5823328381828865,
      "n_fgari": 320,
      "n_obj": 2015,
      "material": {
        "mAP": 0.15020483917571714,
        "ci": [
          0.14549012616200707,
          0.15456120009336996
        ],
        "R1": 0.43870967741935485,
        "chance": 0.04055957490040577
      },
      "size": {
        "mAP": 0.36246479744272403,
        "ci": [
          0.3598718917731929,
          0.36501832360516756
        ],
        "R1": 0.4947890818858561,
        "chance": 0.3436984403573694
      },
      "shape": {
        "mAP": 0.26902339584030394,
        "ci": [
          0.2678841733572867,
          0.2701764103059754
        ],
        "R1": 0.37220843672456577,
        "chance": 0.25051099384886305
      }
    },
    {
      "T": 8,
      "fgari": 0.7334605766756108,
      "n_fgari": 320,
      "n_obj": 2015,
      "material": {
        "mAP": 0.10349333026235549,
        "ci": [
          0.10082800079913005,
          0.10585477306488192
        ],
        "R1": 0.371712158808933,
        "chance": 0.04055957490040577
      },
      "size": {
        "mAP": 0.35716750281944537,
        "ci": [
          0.35481108572243875,
          0.35945087808032583
        ],
        "R1": 0.44069478908188586,
        "chance": 0.3436984403573694
      },
      "shape": {
        "mAP": 0.26515030061376293,
        "ci": [
          0.26413260781821485,
          0.2662266182358317
        ],
        "R1": 0.34590570719602975,
        "chance": 0.25051099384886305
      }
    }
  ],
  "dose_response": {
    "spearman_fgari_material_mAP": -0.3999999999999999,
    "spearman_fgari_material_R1": 0.09999999999999998,
    "spearman_fgari_size_mAP": 0.6,
    "fgari_rises_with_T": true
  }
}