{
  "rawpixels": {
    "shape": {
      "lr_l2": 0.2724790316120365,
      "lr_l2_std": 0.008279368450879178,
      "bal_l2": 0.25618180355031284,
      "knn": 0.260105654335819,
      "kmeans_ami": -0.00020807917625296498,
      "chance": 0.27342995169082124,
      "n_classes": 4
    },
    "size": {
      "lr_l2": 0.35820726062882313,
      "lr_l2_std": 0.007903773506536028,
      "bal_l2": 0.34224845412016547,
      "knn": 0.3355268864398525,
      "kmeans_ami": -0.0001871180940864944,
      "chance": 0.35619967793880836,
      "n_classes": 3
    },
    "material": {
      "lr_l2": 0.3336332474355135,
      "lr_l2_std": 0.0136122484470665,
      "bal_l2": 0.3350140961632062,
      "knn": 0.4434230281242881,
      "kmeans_ami": 0.5072694730319468,
      "chance": 0.021578099838969404,
      "n_classes": 60
    }
  },
  "patchfy_full": {
    "shape": {
      "lr_l2": 0.30735981245115035,
      "lr_l2_std": 0.008409016687913523,
      "bal_l2": 0.30415499549573244,
      "knn": 0.2862855384527335,
      "kmeans_ami": 0.0014743270091301397,
      "chance": 0.27342995169082124,
      "n_classes": 4
    },
    "size": {
      "lr_l2": 0.3448458718545027,
      "lr_l2_std": 0.009666491595372088,
      "bal_l2": 0.3343107164003322,
      "knn": 0.3707665211743567,
      "kmeans_ami": 0.0006224064763018322,
      "chance": 0.35619967793880836,
      "n_classes": 3
    },
    "material": {
      "lr_l2": 0.23856064021849485,
      "lr_l2_std": 0.014146753543958727,
      "bal_l2": 0.23915615580561714,
      "knn": 0.1801398538109013,
      "kmeans_ami": 0.23620271494731995,
      "chance": 0.021578099838969404,
      "n_classes": 60
    }
  },
  "full_readout": {
    "shape": {
      "lr_l2": 0.50549267739459,
      "lr_l2_std": 0.012075122649985786,
      "bal_l2": 0.5083556033003774,
      "knn": 0.39679277102320004,
      "kmeans_ami": 0.002602773358065931,
      "chance": 0.27342995169082124,
      "n_classes": 4
    },
    "size": {
      "lr_l2": 0.6125266559474575,
      "lr_l2_std": 0.005235390968244991,
      "bal_l2": 0.6165444245239708,
      "knn": 0.5157617314296387,
      "kmeans_ami": 0.011752156544067643,
      "chance": 0.35619967793880836,
      "n_classes": 3
    },
    "material": {
      "lr_l2": 0.26273858776933123,
      "lr_l2_std": 0.012573371557399474,
      "bal_l2": 0.264748970876614,
      "knn": 0.12104413556182829,
      "kmeans_ami": 0.13288040870764473,
      "chance": 0.021578099838969404,
      "n_classes": 60
    }
  },
  "randinit": {
    "shape": {
      "lr_l2": 0.35166259236303543,
      "lr_l2_std": 0.006913584476562656,
      "bal_l2": 0.355407652178237,
      "knn": 0.31347623236012173,
      "kmeans_ami": 0.004801886564163397,
      "chance": 0.27342995169082124,
      "n_classes": 4
    },
    "size": {
      "lr_l2": 0.4471755392878947,
      "lr_l2_std": 0.015565201916812684,
      "bal_l2": 0.45040191798870055,
      "knn": 0.34918609725725525,
      "kmeans_ami": 0.0056862032501457885,
      "chance": 0.35619967793880836,
      "n_classes": 3
    },
    "material": {
      "lr_l2": 0.3314246132342736,
      "lr_l2_std": 0.008776380080649071,
      "bal_l2": 0.3307416194665146,
      "knn": 0.21725689605475168,
      "kmeans_ami": 0.2841192709720591,
      "chance": 0.021578099838969404,
      "n_classes": 60
    }
  },
  "severed_readout": {
    "shape": {
      "lr_l2": 0.5315302554661772,
      "lr_l2_std": 0.013623071951098695,
      "bal_l2": 0.5337293108463605,
      "knn": 0.41585850606806496,
      "kmeans_ami": 0.0038527703396802706,
      "chance": 0.27342995169082124,
      "n_classes": 4
    },
    "size": {
      "lr_l2": 0.48314836799132016,
      "lr_l2_std": 0.015766762379251356,
      "bal_l2": 0.4863274486856158,
      "knn": 0.3885429080222057,
      "kmeans_ami": -0.0004668107934240983,
      "chance": 0.35619967793880836,
      "n_classes": 3
    },
    "material": {
      "lr_l2": 0.46859687895824853,
      "lr_l2_std": 0.014903532910764699,
      "bal_l2": 0.46698922554217415,
      "knn": 0.3871088665469515,
      "kmeans_ami": 0.3847703267761861,
      "chance": 0.021578099838969404,
      "n_classes": 60
    }
  },
  "itrsa_readout": {
    "shape": {
      "lr_l2": 0.5071606690320545,
      "lr_l2_std": 0.013078370128504402,
      "bal_l2": 0.5103865949670191,
      "knn": 0.35602815131837295,
      "kmeans_ami": 0.0026824411881279423,
      "chance": 0.27342995169082124,
      "n_classes": 4
    },
    "size": {
      "lr_l2": 0.6036233990685512,
      "lr_l2_std": 0.010734395585166773,
      "bal_l2": 0.6076047277915686,
      "knn": 0.4995769853164327,
      "kmeans_ami": 0.006911888640160002,
      "chance": 0.35619967793880836,
      "n_classes": 3
    },
    "material": {
      "lr_l2": 0.31879889677088014,
      "lr_l2_std": 0.007933081653852297,
      "bal_l2": 0.321181654334764,
      "knn": 0.11998151273961273,
      "kmeans_ami": 0.13003619562957763,
      "chance": 0.021578099838969404,
      "n_classes": 60
    }
  },
  "_verdict": {
    "label": "W1_REALLOCATION (severed builds genuine material rep > all floors, survives L2+kNN; full spends capacity on grouping+size)",
    "material_full": 0.26273858776933123,
    "material_severed": 0.46859687895824853,
    "material_gap": 0.2058582911889173,
    "material_floors": {
      "rawpixels": 0.3336332474355135,
      "patchfy_full": 0.23856064021849485,
      "randinit": 0.3314246132342736
    },
    "ci_disjoint": true,
    "sev_above_floors": true,
    "knn_holds": true,
    "size_full": 0.6125266559474575,
    "size_severed": 0.48314836799132016,
    "size_reallocation": true
  }
}