{"rung": "A4:replay", "scenario": "class", "nexp": 10, "epochs": 50, "seed": 0, "metrics": {"Top1_Acc_Exp/eval_phase/test_stream/Task000/Exp000": 0.186, "Top1_Acc_Exp/eval_phase/test_stream/Task000/Exp001": 0.179, "Top1_Acc_Exp/eval_phase/test_stream/Task000/Exp002": 0.163, "Top1_Acc_Exp/eval_phase/test_stream/Task000/Exp003": 0.186, "Top1_Acc_Exp/eval_phase/test_stream/Task000/Exp004": 0.215, "Top1_Acc_Exp/eval_phase/test_stream/Task000/Exp005": 0.203, "Top1_Acc_Exp/eval_phase/test_stream/Task000/Exp006": 0.167, "Top1_Acc_Exp/eval_phase/test_stream/Task000/Exp007": 0.257, "Top1_Acc_Exp/eval_phase/test_stream/Task000/Exp008": 0.253, "Top1_Acc_Exp/eval_phase/test_stream/Task000/Exp009": 0.682, "Top1_Acc_Stream/eval_phase/test_stream/Task000": 0.2491, "StreamForgetting/eval_phase/test_stream": 0.5211111111111111, "StreamBWT/eval_phase/test_stream": -0.5211111111111111, "ExperienceForgetting/eval_phase/test_stream/Task000/Exp000": 0.5529999999999999, "ExperienceBWT/eval_phase/test_stream/Task000/Exp000": -0.5529999999999999, "ExperienceForgetting/eval_phase/test_stream/Task000/Exp001": 0.512, "ExperienceBWT/eval_phase/test_stream/Task000/Exp001": -0.512, "ExperienceForgetting/eval_phase/test_stream/Task000/Exp002": 0.5369999999999999, "ExperienceBWT/eval_phase/test_stream/Task000/Exp002": -0.5369999999999999, "ExperienceForgetting/eval_phase/test_stream/Task000/Exp003": 0.5189999999999999, "ExperienceBWT/eval_phase/test_stream/Task000/Exp003": -0.5189999999999999, "ExperienceForgetting/eval_phase/test_stream/Task000/Exp004": 0.55, "ExperienceBWT/eval_phase/test_stream/Task000/Exp004": -0.55, "ExperienceForgetting/eval_phase/test_stream/Task000/Exp005": 0.458, "ExperienceBWT/eval_phase/test_stream/Task000/Exp005": -0.458, "ExperienceForgetting/eval_phase/test_stream/Task000/Exp006": 0.5509999999999999, "ExperienceBWT/eval_phase/test_stream/Task000/Exp006": -0.5509999999999999, "ExperienceForgetting/eval_phase/test_stream/Task000/Exp007": 0.45799999999999996, "ExperienceBWT/eval_phase/test_stream/Task000/Exp007": -0.45799999999999996, "ExperienceForgetting/eval_phase/test_stream/Task000/Exp008": 0.552, "ExperienceBWT/eval_phase/test_stream/Task000/Exp008": -0.552}, "learning_acc": [0.739, 0.691, 0.7, 0.705, 0.765, 0.661, 0.718, 0.715, 0.805, 0.682], "acc_matrix": [[0.739, 0.0, 0.0, 0.0, 0.0, 0.0, 0.0, 0.0, 0.0, 0.0], [0.614, 0.691, 0.0, 0.0, 0.0, 0.0, 0.0, 0.0, 0.0, 0.0], [0.505, 0.51, 0.7, 0.0, 0.0, 0.0, 0.0, 0.0, 0.0, 0.0], [0.341, 0.388, 0.431, 0.705, 0.0, 0.0, 0.0, 0.0, 0.0, 0.0], [0.346, 0.335, 0.304, 0.354, 0.765, 0.0, 0.0, 0.0, 0.0, 0.0], [0.299, 0.285, 0.322, 0.252, 0.378, 0.661, 0.0, 0.0, 0.0, 0.0], [0.274, 0.266, 0.223, 0.224, 0.289, 0.294, 0.718, 0.0, 0.0, 0.0], [0.228, 0.199, 0.205, 0.218, 0.137, 0.258, 0.212, 0.715, 0.0, 0.0], [0.219, 0.221, 0.167, 0.2, 0.214, 0.21, 0.179, 0.295, 0.805, 0.0], [0.186, 0.179, 0.163, 0.186, 0.215, 0.203, 0.167, 0.257, 0.253, 0.682]], "avg_forgetting": 52.11111111111111, "bwt": -52.11111111111111, "selfcheck_ok": true, "h3": {"overlap_summary": null, "phase_stability": "N/A"}}