{"design": "feature-binding (color x shape) class-IL positive control", "pass": false, "seeds": 10, "n_tasks": 3, "epochs": 50, "n_classes": 9, "did": {"seeds": [0, 1, 2, 3, 4, 5, 6, 7, 8, 9], "delta_per_seed": [-0.13370816926118545, 0.05690570125259514, 0.09492277362588397, 0.0024735901558050055, -0.0948230385166447, 0.08277720802093563, -0.21289501051002846, -0.08357553639488746, -0.1667568531529413, 0.12613719659171363], "mean_delta_R5_minus_R6": -0.0328542138188754, "mean_delta_obar_R5_minus_R6": -0.02800907019862293, "test": "paired_t", "p_one_sided_delta_gt_0": 0.7940640688759256, "cohens_dz": -0.27210055340100336, "p_one_sided_obar_gt_0": 0.7711784803560121, "cohens_dz_obar": -0.24539970398595287, "bca_ci95": [-0.10209217737327972, 0.03840356722732108], "honest_did": true, "interpretation": "delta>0 => synchrony (R6) yields LOWER inter-task overlap than R5:no_proj", "estimand_note": "O_intra is the real within-snapshot AUGMENTATION self-CKA, so inner = O_inter - O_intra and this is a genuine seed-paired difference-in-differences: the cross-task overlap reduction RELATIVE TO each arm's within-snapshot augmentation self-similarity, which controls for per-arm representation geometry (the M1 geometry kill-test motivation)."}, "verdict": {"pass": false, "alpha": 0.05, "primary_metric": "raw_obar_overlap_contrast", "mean_delta_R5_minus_R6": -0.02800907019862293, "p_one_sided": 0.7711784803560121, "cohens_dz": -0.24539970398595287, "did_secondary": {"mean_delta": -0.0328542138188754, "p_one_sided": 0.7940640688759256, "cohens_dz": -0.27210055340100336, "honest_did": true, "caveat": "DiD inflates variance at small probe scale; conservative secondary"}, "bca_ci95": [-0.10209217737327972, 0.03840356722732108], "honest_did": true, "note": "FAIL: no significant R6<R5 overlap reduction on the synchrony-FAVORING task -> the H3 probe's detection power is UNPROVEN. Per prereg Guards, NO PIVOT-A/B (null) may be declared until this control PASSES. Check: did both arms LEARN the binding task (learning_acc well above chance 1/9=11%)? more seeds / epochs / stronger binding?"}, "arms_detail": {"R6": {"0": {"acc_matrix": [[99.16666666666667, 0.0, 0.0], [0.0, 98.75, 0.0], [0.0, 0.0, 99.16666666666667]], "learning_acc": [99.16666666666667, 98.75, 99.16666666666667], "avg_forgetting": 98.95833333333334, "phase_stability": {"0": {"layer": 0, "S_matrix": [[1.0, 0.17054363319315988, 0.14596617597785666], [0.17054363319315988, 1.0, 0.27124889517981793], [0.14596617597785666, 0.27124889517981793, 1.0]], "mean_cross_task_stability": 0.19591956811694486, "score": "ami"}, "1": {"layer": 1, "S_matrix": [[1.0, 0.07550037738836508, 0.088272633404891], [0.07550037738836508, 1.0, 0.2798713744086375], [0.088272633404891, 0.2798713744086375, 1.0]], "mean_cross_task_stability": 0.14788146173396452, "score": "ami"}, "2": {"layer": 2, "S_matrix": [[1.0, 0.1373933671456569, 0.1010079974325167], [0.1373933671456569, 1.0, 0.31143147471435045], [0.1010079974325167, 0.31143147471435045, 1.0]], "mean_cross_task_stability": 0.183277613097508, "score": "ami"}}}, "1": {"acc_matrix": [[99.16666666666667, 0.0, 0.0], [0.0, 99.16666666666667, 0.0], [0.0, 0.0, 99.16666666666667]], "learning_acc": [99.16666666666667, 99.16666666666667, 99.16666666666667], "avg_forgetting": 99.16666666666667, "phase_stability": {"0": {"layer": 0, "S_matrix": [[1.0, 0.21195776875044736, 0.21763737042526624], [0.21195776875044736, 1.0, 0.3151023956264009], [0.21763737042526624, 0.3151023956264009, 1.0]], "mean_cross_task_stability": 0.24823251160070484, "score": "ami"}, "1": {"layer": 1, "S_matrix": [[1.0, 0.1984655894462518, 0.1269081181713362], [0.1984655894462518, 1.0, 0.27103915071022444], [0.1269081181713362, 0.27103915071022444, 1.0]], "mean_cross_task_stability": 0.1988042861092708, "score": "ami"}, "2": {"layer": 2, "S_matrix": [[1.0, 0.1791101343611325, 0.09494760632408486], [0.1791101343611325, 1.0, 0.22694729416822598], [0.09494760632408486, 0.22694729416822598, 1.0]], "mean_cross_task_stability": 0.16700167828448112, "score": "ami"}}}, "2": {"acc_matrix": [[97.91666666666667, 0.0, 0.0], [0.0, 99.16666666666667, 0.0], [0.0, 0.0, 99.16666666666667]], "learning_acc": [97.91666666666667, 99.16666666666667, 99.16666666666667], "avg_forgetting": 98.54166666666667, "phase_stability": {"0": {"layer": 0, "S_matrix": [[1.0, 0.18470028034765734, 0.14618479466494438], [0.18470028034765734, 1.0, 0.3095910439751657], [0.14618479466494438, 0.3095910439751657, 1.0]], "mean_cross_task_stability": 0.21349203966258914, "score": "ami"}, "1": {"layer": 1, "S_matrix": [[1.0, 0.10315853486518493, 0.0912504607583277], [0.10315853486518493, 1.0, 0.38598251988001797], [0.0912504607583277, 0.38598251988001797, 1.0]], "mean_cross_task_stability": 0.19346383850117688, "score": "ami"}, "2": {"layer": 2, "S_matrix": [[1.0, 0.08568804706484193, 0.06261434101159043], [0.08568804706484193, 1.0, 0.22802109684145044], [0.06261434101159043, 0.22802109684145044, 1.0]], "mean_cross_task_stability": 0.12544116163929428, "score": "ami"}}}, "3": {"acc_matrix": [[99.16666666666667, 0.0, 0.0], [0.0, 99.16666666666667, 0.0], [0.0, 0.0, 99.58333333333333]], "learning_acc": [99.16666666666667, 99.16666666666667, 99.58333333333333], "avg_forgetting": 99.16666666666667, "phase_stability": {"0": {"layer": 0, "S_matrix": [[1.0, 0.2016532348486406, 0.1585618892827154], [0.2016532348486406, 1.0, 0.1929383938269598], [0.1585618892827154, 0.1929383938269598, 1.0]], "mean_cross_task_stability": 0.18438450598610526, "score": "ami"}, "1": {"layer": 1, "S_matrix": [[1.0, 0.3093083215601759, 0.28499323774687213], [0.3093083215601759, 1.0, 0.32072596285775173], [0.28499323774687213, 0.32072596285775173, 1.0]], "mean_cross_task_stability": 0.3050091740549332, "score": "ami"}, "2": {"layer": 2, "S_matrix": [[1.0, 0.27240461037497116, 0.1892786647252895], [0.27240461037497116, 1.0, 0.21481303880899744], [0.1892786647252895, 0.21481303880899744, 1.0]], "mean_cross_task_stability": 0.22549877130308604, "score": "ami"}}}, "4": {"acc_matrix": [[99.16666666666667, 0.0, 0.0], [0.0, 99.58333333333333, 0.0], [0.0, 0.0, 98.75]], "learning_acc": [99.16666666666667, 99.58333333333333, 98.75], "avg_forgetting": 99.375, "phase_stability": {"0": {"layer": 0, "S_matrix": [[1.0, 0.17186413503214462, 0.09133047327869806], [0.17186413503214462, 1.0, 0.230151690707988], [0.09133047327869806, 0.230151690707988, 1.0]], "mean_cross_task_stability": 0.16444876633961023, "score": "ami"}, "1": {"layer": 1, "S_matrix": [[1.0, 0.10031077339811117, 0.03377687911750221], [0.10031077339811117, 1.0, 0.07345432483325301], [0.03377687911750221, 0.07345432483325301, 1.0]], "mean_cross_task_stability": 0.0691806591162888, "score": "ami"}, "2": {"layer": 2, "S_matrix": [[1.0, 0.19245710267799201, 0.060425674140906244], [0.19245710267799201, 1.0, 0.0696581921779354], [0.060425674140906244, 0.0696581921779354, 1.0]], "mean_cross_task_stability": 0.10751365633227788, "score": "ami"}}}, "5": {"acc_matrix": [[99.16666666666667, 0.0, 0.0], [0.0, 97.5, 0.0], [0.0, 0.0, 98.75]], "learning_acc": [99.16666666666667, 97.5, 98.75], "avg_forgetting": 98.33333333333334, "phase_stability": {"0": {"layer": 0, "S_matrix": [[1.0, 0.309845972014641, 0.08539495169966442], [0.309845972014641, 1.0, 0.09736147645513363], [0.08539495169966442, 0.09736147645513363, 1.0]], "mean_cross_task_stability": 0.16420080005647966, "score": "ami"}, "1": {"layer": 1, "S_matrix": [[1.0, 0.208124895622203, 0.06013955124782657], [0.208124895622203, 1.0, 0.07000615901026337], [0.06013955124782657, 0.07000615901026337, 1.0]], "mean_cross_task_stability": 0.1127568686267643, "score": "ami"}, "2": {"layer": 2, "S_matrix": [[1.0, 0.12183313118542122, 0.04251206456713132], [0.12183313118542122, 1.0, 0.11756653387555639], [0.04251206456713132, 0.11756653387555639, 1.0]], "mean_cross_task_stability": 0.09397057654270298, "score": "ami"}}}, "6": {"acc_matrix": [[99.58333333333333, 0.0, 0.0], [0.0, 99.58333333333333, 0.0], [0.0, 0.0, 100.0]],