{"design": "feature-binding (color x shape) class-IL positive control", "pass": false, "seeds": 10, "n_tasks": 3, "epochs": 50, "n_classes": 9, "did": {"seeds": [0, 1, 2, 3, 4, 5, 6, 7, 8, 9], "delta_per_seed": [0.08011087894099544, 0.20436326874807542, -0.05212859503186751, 0.037830015284829155, 0.06455267162660333, -0.044973090181645525, 0.01958783333813824, -0.011437693598127241, 0.03610537366580491, -0.024004135254032666], "mean_delta_R5_minus_R6": 0.031000652753877356, "mean_delta_obar_R5_minus_R6": 0.04751977316240782, "test": "paired_t", "p_one_sided_delta_gt_0": 0.11321238617830681, "cohens_dz": 0.410597184535698, "p_one_sided_obar_gt_0": 0.06564185981010902, "cohens_dz_obar": 0.5249405249295932, "bca_ci95": [-0.004204379699683002, 0.08974836299795555], "honest_did": true, "interpretation": "delta>0 => synchrony (R6) yields LOWER inter-task overlap than R5:no_proj", "estimand_note": "O_intra is the real within-snapshot AUGMENTATION self-CKA, so inner = O_inter - O_intra and this is a genuine seed-paired difference-in-differences: the cross-task overlap reduction RELATIVE TO each arm's within-snapshot augmentation self-similarity, which controls for per-arm representation geometry (the M1 geometry kill-test motivation)."}, "verdict": {"pass": false, "alpha": 0.05, "primary_metric": "raw_obar_overlap_contrast", "mean_delta_R5_minus_R6": 0.04751977316240782, "p_one_sided": 0.06564185981010902, "cohens_dz": 0.5249405249295932, "did_secondary": {"mean_delta": 0.031000652753877356, "p_one_sided": 0.11321238617830681, "cohens_dz": 0.410597184535698, "honest_did": true, "caveat": "DiD inflates variance at small probe scale; conservative secondary"}, "bca_ci95": [-0.004204379699683002, 0.08974836299795555], "honest_did": true, "note": "FAIL: no significant R6<R5 overlap reduction on the synchrony-FAVORING task -> the H3 probe's detection power is UNPROVEN. Per prereg Guards, NO PIVOT-A/B (null) may be declared until this control PASSES. Check: did both arms LEARN the binding task (learning_acc well above chance 1/9=11%)? more seeds / epochs / stronger binding?"}, "arms_detail": {"R6": {"0": {"acc_matrix": [[98.75, 0.0, 0.0], [0.0, 97.91666666666667, 0.0], [0.0, 0.0, 99.16666666666667]], "learning_acc": [98.75, 97.91666666666667, 99.16666666666667], "avg_forgetting": 98.33333333333334, "phase_stability": {"0": {"layer": 0, "S_matrix": [[1.0, 0.2755261623945625, 0.22881844408722335], [0.2755261623945625, 1.0, 0.3563203515747351], [0.22881844408722335, 0.3563203515747351, 1.0]], "mean_cross_task_stability": 0.2868883193521736, "score": "ami"}, "1": {"layer": 1, "S_matrix": [[1.0, 0.38890754150908835, 0.29418375032461735], [0.38890754150908835, 1.0, 0.3277674051962866], [0.29418375032461735, 0.3277674051962866, 1.0]], "mean_cross_task_stability": 0.3369528990099975, "score": "ami"}, "2": {"layer": 2, "S_matrix": [[1.0, 0.1832588050021119, 0.07571995097136729], [0.1832588050021119, 1.0, 0.10183315252628511], [0.07571995097136729, 0.10183315252628511, 1.0]], "mean_cross_task_stability": 0.1202706361665881, "score": "ami"}}}, "1": {"acc_matrix": [[97.5, 0.0, 0.0], [0.0, 99.16666666666667, 0.0], [0.0, 0.0, 99.16666666666667]], "learning_acc": [97.5, 99.16666666666667, 99.16666666666667], "avg_forgetting": 98.33333333333334, "phase_stability": {"0": {"layer": 0, "S_matrix": [[1.0, 0.17224546288901585, 0.1348107044431772], [0.17224546288901585, 1.0, 0.2309501114951501], [0.1348107044431772, 0.2309501114951501, 1.0]], "mean_cross_task_stability": 0.17933542627578106, "score": "ami"}, "1": {"layer": 1, "S_matrix": [[1.0, 0.1944982368699655, 0.18949839813306713], [0.1944982368699655, 1.0, 0.4168163315541607], [0.18949839813306713, 0.4168163315541607, 1.0]], "mean_cross_task_stability": 0.2669376555190644, "score": "ami"}, "2": {"layer": 2, "S_matrix": [[1.0, 0.1671637045444782, 0.15184297223899118], [0.1671637045444782, 1.0, 0.2303689085755376], [0.15184297223899118, 0.2303689085755376, 1.0]], "mean_cross_task_stability": 0.183125195119669, "score": "ami"}}}, "2": {"acc_matrix": [[97.91666666666667, 0.0, 0.0], [0.0, 83.33333333333333, 0.0], [0.0, 0.0, 99.16666666666667]], "learning_acc": [97.91666666666667, 83.33333333333333, 99.16666666666667], "avg_forgetting": 90.625, "phase_stability": {"0": {"layer": 0, "S_matrix": [[1.0, 0.15456355042283584, 0.17997473115607485], [0.15456355042283584, 1.0, 0.19143673213723092], [0.17997473115607485, 0.19143673213723092, 1.0]], "mean_cross_task_stability": 0.17532500457204722, "score": "ami"}, "1": {"layer": 1, "S_matrix": [[1.0, 0.17979278698625367, 0.1483504091883318], [0.17979278698625367, 1.0, 0.2301496237264812], [0.1483504091883318, 0.2301496237264812, 1.0]], "mean_cross_task_stability": 0.1860976066336889, "score": "ami"}, "2": {"layer": 2, "S_matrix": [[1.0, 0.17178677334264594, 0.044366370355206436], [0.17178677334264594, 1.0, 0.09027415938763853], [0.044366370355206436, 0.09027415938763853, 1.0]], "mean_cross_task_stability": 0.1021424343618303, "score": "ami"}}}, "3": {"acc_matrix": [[99.58333333333333, 0.0, 0.0], [0.0, 100.0, 0.0], [0.0, 0.0, 99.58333333333333]], "learning_acc": [99.58333333333333, 100.0, 99.58333333333333], "avg_forgetting": 99.79166666666666, "phase_stability": {"0": {"layer": 0, "S_matrix": [[1.0, 0.19164736349836733, 0.11022382292154595], [0.19164736349836733, 1.0, 0.2154264988980534], [0.11022382292154595, 0.2154264988980534, 1.0]], "mean_cross_task_stability": 0.17243256177265556, "score": "ami"}, "1": {"layer": 1, "S_matrix": [[1.0, 0.2163765639403851, 0.17204719250027464], [0.2163765639403851, 1.0, 0.3135163682123943], [0.17204719250027464, 0.3135163682123943, 1.0]], "mean_cross_task_stability": 0.23398004155101804, "score": "ami"}, "2": {"layer": 2, "S_matrix": [[1.0, 0.19533869261784595, 0.13279698446660393], [0.19533869261784595, 1.0, 0.18020018743211333], [0.13279698446660393, 0.18020018743211333, 1.0]], "mean_cross_task_stability": 0.16944528817218774, "score": "ami"}}}, "4": {"acc_matrix": [[78.75, 0.0, 0.0], [0.0, 99.58333333333333, 0.0], [0.0, 0.0, 99.58333333333333]], "learning_acc": [78.75, 99.58333333333333, 99.58333333333333], "avg_forgetting": 89.16666666666666, "phase_stability": {"0": {"layer": 0, "S_matrix": [[1.0, 0.06356966870375393, 0.07203875344726723], [0.06356966870375393, 1.0, 0.38544936637425514], [0.07203875344726723, 0.38544936637425514, 1.0]], "mean_cross_task_stability": 0.17368592950842543, "score": "ami"}, "1": {"layer": 1, "S_matrix": [[1.0, 0.03659358704976188, 0.046801935729981356], [0.03659358704976188, 1.0, 0.2573372757580581], [0.046801935729981356, 0.2573372757580581, 1.0]], "mean_cross_task_stability": 0.11357759951260045, "score": "ami"}, "2": {"layer": 2, "S_matrix": [[1.0, 0.04919533263432534, 0.026089704449337277], [0.04919533263432534, 1.0, 0.046188324229740285], [0.026089704449337277, 0.046188324229740285, 1.0]], "mean_cross_task_stability": 0.04049112043780097, "score": "ami"}}}, "5": {"acc_matrix": [[99.58333333333333, 0.0, 0.0], [0.0, 98.75, 0.0], [0.0, 0.0, 99.58333333333333]], "learning_acc": [99.58333333333333, 98.75, 99.58333333333333], "avg_forgetting": 99.16666666666666, "phase_stability": {"0": {"layer": 0, "S_matrix": [[1.0, 0.1253836951285676, 0.11289237697819138], [0.1253836951285676, 1.0, 0.2070034923058427], [0.11289237697819138, 0.2070034923058427, 1.0]], "mean_cross_task_stability": 0.1484265214708672, "score": "ami"}, "1": {"layer": 1, "S_matrix": [[1.0, 0.18945850677929912, 0.1225184326420136], [0.18945850677929912, 1.0, 0.19982401677337117], [0.1225184326420136, 0.19982401677337117, 1.0]], "mean_cross_task_stability": 0.1706003187315613, "score": "ami"}, "2": {"layer": 2, "S_matrix": [[1.0, 0.15839766452003237, 0.066757458534945], [0.15839766452003237, 1.0, 0.18264495505098816], [0.066757458534945, 0.18264495505098816, 1.0]], "mean_cross_task_stability": 0.13593335936865517, "score": "ami"}}}, "6": {"acc_matrix": [[99.16666666666667, 0.0, 0.0], [0.0, 99.58333333333333, 0.0], [0.0, 0.0, 98.75]],