{"design": "feature-binding (color x shape) class-IL positive control", "pass": true, "seeds": 10, "n_tasks": 3, "epochs": 50, "n_classes": 9, "did": {"seeds": [0, 1, 2, 3, 4, 5, 6, 7, 8, 9], "delta_per_seed": [0.18473172358391365, -0.051460827494669514, 0.36493484623316946, 0.33899097228591096, 0.07852637319453537, -0.09736520513931662, 0.19171729672487925, 0.1015594569493874, -0.006061741792306841, 0.05747384501548053], "mean_delta_R5_minus_R6": 0.11630467395609838, "mean_delta_obar_R5_minus_R6": 0.07954403889006449, "test": "paired_t", "p_one_sided_delta_gt_0": 0.020750844077280416, "cohens_dz": 0.7513440912517393, "p_one_sided_obar_gt_0": 0.030539434857606608, "cohens_dz_obar": 0.6765438849907557, "bca_ci95": [0.0332584171281322, 0.21649439294658174], "honest_did": true, "interpretation": "delta>0 => synchrony (R6) yields LOWER inter-task overlap than R5:no_proj", "estimand_note": "O_intra is the real within-snapshot AUGMENTATION self-CKA, so inner = O_inter - O_intra and this is a genuine seed-paired difference-in-differences: the cross-task overlap reduction RELATIVE TO each arm's within-snapshot augmentation self-similarity, which controls for per-arm representation geometry (the M1 geometry kill-test motivation)."}, "verdict": {"pass": true, "alpha": 0.05, "primary_metric": "raw_obar_overlap_contrast", "mean_delta_R5_minus_R6": 0.07954403889006449, "p_one_sided": 0.030539434857606608, "cohens_dz": 0.6765438849907557, "did_secondary": {"mean_delta": 0.11630467395609838, "p_one_sided": 0.020750844077280416, "cohens_dz": 0.7513440912517393, "honest_did": true, "caveat": "DiD inflates variance at small probe scale; conservative secondary"}, "bca_ci95": [0.0332584171281322, 0.21649439294658174], "honest_did": true, "note": "PASS (raw overlap contrast): R6 has significantly LOWER inter-task overlap than R5:no_proj on the binding task -> the H3 probe HAS the detection power to see a true synchrony effect; a null on CIFAR is therefore a substantive null, not a dead instrument."}, "arms_detail": {"R6": {"0": {"acc_matrix": [[100.0, 0.0, 0.0], [0.0, 99.58333333333333, 0.0], [0.0, 0.0, 100.0]], "learning_acc": [100.0, 99.58333333333333, 100.0], "avg_forgetting": 99.79166666666666, "phase_stability": {"0": {"layer": 0, "S_matrix": [[1.0, 0.27800686488041515, 0.1816740637999343], [0.27800686488041515, 1.0, 0.3342111771072612], [0.1816740637999343, 0.3342111771072612, 1.0]], "mean_cross_task_stability": 0.26463070192920357, "score": "ami"}, "1": {"layer": 1, "S_matrix": [[1.0, 0.12721666859573538, 0.04645731160709429], [0.12721666859573538, 1.0, 0.2451606891592743], [0.04645731160709429, 0.2451606891592743, 1.0]], "mean_cross_task_stability": 0.13961155645403467, "score": "ami"}, "2": {"layer": 2, "S_matrix": [[1.0, 0.02788960684693045, 0.035267136886461666], [0.02788960684693045, 1.0, 0.09250801192419529], [0.035267136886461666, 0.09250801192419529, 1.0]], "mean_cross_task_stability": 0.05188825188586247, "score": "ami"}}}, "1": {"acc_matrix": [[100.0, 0.0, 0.0], [0.0, 100.0, 0.0], [0.0, 0.0, 100.0]], "learning_acc": [100.0, 100.0, 100.0], "avg_forgetting": 100.0, "phase_stability": {"0": {"layer": 0, "S_matrix": [[1.0, 0.3831514698808983, 0.33102642121880715], [0.3831514698808983, 1.0, 0.4061165211821823], [0.33102642121880715, 0.4061165211821823, 1.0]], "mean_cross_task_stability": 0.3734314707606292, "score": "ami"}, "1": {"layer": 1, "S_matrix": [[1.0, 0.38516103315557854, 0.3200970214643845], [0.38516103315557854, 1.0, 0.3513404653949067], [0.3200970214643845, 0.3513404653949067, 1.0]], "mean_cross_task_stability": 0.35219950667162325, "score": "ami"}, "2": {"layer": 2, "S_matrix": [[1.0, 0.2859540922496569, 0.15618348763098966], [0.2859540922496569, 1.0, 0.18872959513774606], [0.15618348763098966, 0.18872959513774606, 1.0]], "mean_cross_task_stability": 0.2102890583394642, "score": "ami"}}}, "2": {"acc_matrix": [[100.0, 0.0, 0.0], [0.0, 100.0, 0.0], [0.0, 0.0, 100.0]], "learning_acc": [100.0, 100.0, 100.0], "avg_forgetting": 100.0, "phase_stability": {"0": {"layer": 0, "S_matrix": [[1.0, 0.04757559462491997, 0.03681647830086201], [0.04757559462491997, 1.0, 0.36468109299294343], [0.03681647830086201, 0.36468109299294343, 1.0]], "mean_cross_task_stability": 0.1496910553062418, "score": "ami"}, "1": {"layer": 1, "S_matrix": [[1.0, 0.0631957396528817, 0.06608603936385339], [0.0631957396528817, 1.0, 0.5087902086219914], [0.06608603936385339, 0.5087902086219914, 1.0]], "mean_cross_task_stability": 0.21269066254624217, "score": "ami"}, "2": {"layer": 2, "S_matrix": [[1.0, 0.0841567087123843, 0.05044456532234668], [0.0841567087123843, 1.0, 0.21329979068382446], [0.05044456532234668, 0.21329979068382446, 1.0]], "mean_cross_task_stability": 0.11596702157285181, "score": "ami"}}}, "3": {"acc_matrix": [[100.0, 0.0, 0.0], [0.0, 100.0, 0.0], [0.0, 0.0, 100.0]], "learning_acc": [100.0, 100.0, 100.0], "avg_forgetting": 100.0, "phase_stability": {"0": {"layer": 0, "S_matrix": [[1.0, 0.357396405465912, 0.2552484043018324], [0.357396405465912, 1.0, 0.26457895158831707], [0.2552484043018324, 0.26457895158831707, 1.0]], "mean_cross_task_stability": 0.29240792045202046, "score": "ami"}, "1": {"layer": 1, "S_matrix": [[1.0, 0.1741703571064678, 0.0986376972648218], [0.1741703571064678, 1.0, 0.30101822191036187], [0.0986376972648218, 0.30101822191036187, 1.0]], "mean_cross_task_stability": 0.19127542542721718, "score": "ami"}, "2": {"layer": 2, "S_matrix": [[1.0, 0.07496921852046333, 0.03728632087836563], [0.07496921852046333, 1.0, 0.19006077767814708], [0.03728632087836563, 0.19006077767814708, 1.0]], "mean_cross_task_stability": 0.10077210569232535, "score": "ami"}}}, "4": {"acc_matrix": [[100.0, 0.0, 0.0], [0.0, 100.0, 0.0], [0.0, 0.0, 100.0]], "learning_acc": [100.0, 100.0, 100.0], "avg_forgetting": 100.0, "phase_stability": {"0": {"layer": 0, "S_matrix": [[1.0, 0.2552846529337231, 0.13657265202716806], [0.2552846529337231, 1.0, 0.27736602335983485], [0.13657265202716806, 0.27736602335983485, 1.0]], "mean_cross_task_stability": 0.22307444277357535, "score": "ami"}, "1": {"layer": 1, "S_matrix": [[1.0, 0.15621295808777244, 0.10011823488367813], [0.15621295808777244, 1.0, 0.21650994808878213], [0.10011823488367813, 0.21650994808878213, 1.0]], "mean_cross_task_stability": 0.15761371368674423, "score": "ami"}, "2": {"layer": 2, "S_matrix": [[1.0, 0.04756848877190473, 0.03559256177395841], [0.04756848877190473, 1.0, 0.09339480210210471], [0.03559256177395841, 0.09339480210210471, 1.0]], "mean_cross_task_stability": 0.058851950882655955, "score": "ami"}}}, "5": {"acc_matrix": [[100.0, 0.0, 0.0], [0.0, 100.0, 0.0], [0.0, 0.0, 100.0]], "learning_acc": [100.0, 100.0, 100.0], "avg_forgetting": 100.0, "phase_stability": {"0": {"layer": 0, "S_matrix": [[1.0, 0.06029355999030068, 0.056448913693932186], [0.06029355999030068, 1.0, 0.42793923246561566], [0.056448913693932186, 0.42793923246561566, 1.0]], "mean_cross_task_stability": 0.1815605687166162, "score": "ami"}, "1": {"layer": 1, "S_matrix": [[1.0, 0.07362084528068609, 0.06187018369992794], [0.07362084528068609, 1.0, 0.378581423962104], [0.06187018369992794, 0.378581423962104, 1.0]], "mean_cross_task_stability": 0.17135748431423933, "score": "ami"}, "2": {"layer": 2, "S_matrix": [[1.0, 0.047212120193922714, 0.07036854937417333], [0.047212120193922714, 1.0, 0.09776176927691033], [0.07036854937417333, 0.09776176927691033, 1.0]], "mean_cross_task_stability": 0.07178081294833545, "score": "ami"}}}, "6": {"acc_matrix": [[100.0, 0.0, 0.0], [0.0, 100.0, 0.0], [0.0, 0.0, 100.0]], "learning_acc": [100.0, 100.0, 100.0], "avg_forgetting": 100.0, "phase_stability": {"0": {"layer": 0, "S_matrix": [[1.0, 0.3095651318114753, 0.10253575167833377], [0.3095651318114753, 1.0, 0.173810689635714], [0.10253575167833377, 0.173810689635714, 1.0]], "mean_cross_task_stability": 0.1953038577085077, "score": "ami"}, "1": {"layer": 1,