{
  "runs": [
    {
      "arm": "R7clamp",
      "seed": 0,
      "learn_acc": 0.5083333551883698,
      "final_acc": 0.22777779400348663,
      "forgetting": 0.4208333417773247,
      "measure": {
        "r_gram": [
          0.49276596307754517,
          1.0444729328155518,
          1.1708647012710571,
          1.2010583877563477,
          1.1419243812561035,
          1.1328808069229126,
          1.1434721946716309,
          1.1591459512710571,
          1.170339584350586,
          1.1779727935791016,
          1.1890263557434082,
          1.1888844966888428,
          1.1872353553771973,
          1.185485601425171,
          1.186531901359558
        ],
        "R_t": [
          0.7318439483642578,
          0.695537805557251,
          0.4269733726978302,
          0.2594888210296631,
          0.30007490515708923,
          0.28448569774627686,
          0.2649993300437927,
          0.24786913394927979,
          0.23377124965190887,
          0.2291364073753357,
          0.2156403362751007,
          0.2121889889240265,
          0.20856307446956635,
          0.19959606230258942,
          0.18989771604537964
        ],
        "energy_res": [
          9198638671875.0,
          24.35088900510022,
          0.7748592071459498,
          0.47430899512713626,
          0.04010671686901411,
          0.34400100811349843,
          0.05343138650435803,
          0.03834292822151229,
          0.09026743979132329,
          0.06527912121988982,
          0.05311503967001599,
          0.08478939429813057,
          0.05819324894526974,
          0.019559316596464257,
          0.07967926547104469,
          0.08322384499257454
        ],
        "T_ext": 16
      }
    },
    {
      "arm": "R7clamp",
      "seed": 1,
      "learn_acc": 0.500000019868215,
      "final_acc": 0.2638888955116272,
      "forgetting": 0.3541666865348816,
      "measure": {
        "r_gram": [
          0.49223563075065613,
          0.8021591305732727,
          0.8385225534439087,
          0.901291012763977,
          0.9658576250076294,
          1.056044340133667,
          1.1075129508972168,
          1.172959327697754,
          1.2150825262069702,
          1.2444093227386475,
          1.2776105403900146,
          1.281553864479065,
          1.3054685592651367,
          1.2956111431121826,
          1.3237048387527466
        ],
        "R_t": [
          0.7686560153961182,
          0.6557310819625854,
          0.5994139313697815,
          0.58802330493927,
          0.5286744832992554,
          0.49647417664527893,
          0.4332887530326843,
          0.4084458351135254,
          0.35170209407806396,
          0.33674201369285583,
          0.29305240511894226,
          0.2845524549484253,
          0.2572003901004791,
          0.2550029754638672,
          0.22940132021903992
        ],
        "energy_res": [
          2818422363281.25,
          125.40216495503535,
          0.5943528170049087,
          0.17025154635460304,
          0.29743008477639027,
          0.06587879458404028,
          0.3408439774902536,
          0.16538847537723161,
          0.346163581254779,
          0.16329615890905508,
          0.3272719919275044,
          0.153404710073915,
          0.3256452240863692,
          0.25567803981446785,
          0.3332182775711485,
          0.21212040700835746
        ],
        "T_ext": 16
      }
    },
    {
      "arm": "R7clamp",
      "seed": 2,
      "learn_acc": 0.49722225467363995,
      "final_acc": 0.19444445272286734,
      "forgetting": 0.4541667029261589,
      "measure": {
        "r_gram": [
          0.4059925079345703,
          0.742287278175354,
          0.8120050430297852,
          0.9213171005249023,
          1.0345526933670044,
          1.1346864700317383,
          1.2147804498672485,
          1.240748405456543,
          1.2865251302719116,
          1.278031587600708,
          1.3018643856048584,
          1.2934041023254395,
          1.310197353363037,
          1.301522970199585,
          1.3242151737213135
        ],
        "R_t": [
          0.8210411667823792,
          0.7380467057228088,
          0.6289790868759155,
          0.6035839319229126,
          0.512698769569397,
          0.4659491181373596,
          0.36617475748062134,
          0.3547166883945465,
          0.29614660143852234,
          0.283832311630249,
          0.269387811422348,
          0.261508584022522,
          0.254091739654541,
          0.24654114246368408,
          0.2325599193572998
        ],
        "energy_res": [
          346250549316.40625,
          997.5432746034143,
          0.599622504362318,
          0.2619108747063615,
          0.32603072386611454,
          0.09307867246355647,
          0.3647869692100852,
          0.06249942290681283,
          0.229274211121791,
          0.02593547758455805,
          0.21708967010339594,
          0.1725231827044861,
          0.23466104754535674,
          0.18934680451401475,
          0.26831739790832587,
          0.18577777730092804
        ],
        "T_ext": 16
      }
    },
    {
      "arm": "R7clamp",
      "seed": 3,
      "learn_acc": 0.4833333690961202,
      "final_acc": 0.21944446365038553,
      "forgetting": 0.395833358168602,
      "measure": {
        "r_gram": [
          0.8846244812011719,
          1.1114922761917114,
          1.0724643468856812,
          1.0440680980682373,
          1.0798259973526,
          1.1164581775665283,
          1.1454803943634033,
          1.171097993850708,
          1.1842963695526123,
          1.1910187005996704,
          1.197992205619812,
          1.1989326477050781,
          1.2006051540374756,
          1.203525424003601,
          1.203731656074524
        ],
        "R_t": [
          0.6511194705963135,
          0.44459789991378784,
          0.3930117189884186,
          0.3829119801521301,
          0.3599008619785309,
          0.3286643326282501,
          0.30361080169677734,
          0.2835409641265869,
          0.27071627974510193,
          0.2632756233215332,
          0.25635677576065063,
          0.255310595035553,
          0.2516593933105469,
          0.24926161766052246,
          0.2493346631526947
        ],
        "energy_res": [
          2678637695312.5,
          52.3576827656412,
          0.3654997414926524,
          0.4519184933236785,
          0.0998910551084346,
          0.11901223782102674,
          0.1284992126371958,
          0.0846049352732906,
          0.09209858875374495,
          0.06560548715737032,
          0.023569676194372016,
          0.03391434136378192,
          0.005395418916252554,
          0.03355042502601891,
          0.007130707240429472,
          0.0023801906658435846
        ],
        "T_ext": 16
      }
    },
    {
      "arm": "R7clamp",
      "seed": 4,
      "learn_acc": 0.4888888994852702,
      "final_acc": 0.25833334525426227,
      "forgetting": 0.34583333134651184,
      "measure": {
        "r_gram": [
          0.44693291187286377,
          0.692074716091156,
          0.8612114191055298,
          1.030734658241272,
          1.1215753555297852,
          1.229173183441162,
          1.2509827613830566,
          1.2759628295898438,
          1.2199451923370361,
          1.2763564586639404,
          1.2166461944580078,
          1.2088344097137451,
          1.1804077625274658,
          1.1620395183563232,
          1.157646656036377
        ],
        "R_t": [
          0.8470030426979065,
          0.7334627509117126,
          0.6772788763046265,
          0.5274218916893005,
          0.4762325882911682,
          0.3521181344985962,
          0.2716701328754425,
          0.26007407903671265,
          0.221082866191864,
          0.20364147424697876,
          0.15964055061340332,
          0.15192317962646484,
          0.14038017392158508,
          0.14937818050384521,
          0.14008177816867828
        ],