{
  "runs": [
    {
      "wide": 4,
      "seed": 0,
      "learn_acc": 0.7429999709129333,
      "final_acc": 0.7294999718666076,
      "forgetting": 0.016874998807907104
    },
    {
      "wide": 4,
      "seed": 1,
      "learn_acc": 0.7577499866485595,
      "final_acc": 0.715999984741211,
      "forgetting": 0.05218750238418579
    },
    {
      "wide": 4,
      "seed": 2,
      "learn_acc": 0.822249972820282,
      "final_acc": 0.8082499861717224,
      "forgetting": 0.017499983310699463
    },
    {
      "wide": 4,
      "seed": 3,
      "learn_acc": 0.7184999823570252,
      "final_acc": 0.7182499885559082,
      "forgetting": 0.0003124922513961792
    }
  ]
}