{
  "runs": [
    {
      "arm": "R6",
      "seed": 0,
      "lam": 1.0,
      "acc_real": 0.520000022649765,
      "acc_within": 0.28500001728534696,
      "acc_const": 0.1,
      "task_lift": 0.18500001728534696,
      "instance_lift": 0.235000005364418,
      "task_decode_cv": 0.5050000000000001
    }
  ]
}