{
  "runs": [
    {
      "arm": "R5d",
      "seed": 0,
      "learn_acc": 0.49444447954495746,
      "final_acc": 0.4583333532015483,
      "forgetting": 0.05416668951511383,
      "measure": {
        "r_gram": [
          0.1603555679321289,
          0.18463711440563202,
          0.1767725646495819,
          0.2010258436203003,
          0.20989012718200684,
          0.20628859102725983,
          0.21324282884597778,
          0.21012839674949646,
          0.20634618401527405,
          0.2106781303882599,
          0.21217657625675201,
          0.21014204621315002,
          0.2133086770772934,
          0.21029990911483765,
          0.21468988060951233
        ],
        "R_t": [
          0.9516288638114929,
          0.9406121969223022,
          0.9229786396026611,
          0.9149881601333618,
          0.8932276964187622,
          0.8931092023849487,
          0.8814506530761719,
          0.8838729858398438,
          0.877784252166748,
          0.8858364820480347,
          0.8826042413711548,
          0.8907409906387329,
          0.8843207359313965,
          0.8855982422828674,
          0.8778340816497803
        ],
        "energy_res": [
          1982156005859.3748,
          4.906004389009795,
          0.08056095721062635,
          0.11449058007502214,
          0.11360018131272993,
          0.11088330312355914,
          0.10669179747683469,
          0.0962190394976817,
          0.09216653589195067,
          0.10908301454165126,
          0.09568554978435102,
          0.10479074924075941,
          0.09051520542182194,
          0.10406709856739071,
          0.09939312930905089,
          0.10001859833861315
        ],
        "T_ext": 16
      }
    },
    {
      "arm": "R5d",
      "seed": 1,
      "learn_acc": 0.48611114422480267,
      "final_acc": 0.49166669448216754,
      "forgetting": -0.008333325386047363,
      "measure": {
        "r_gram": [
          0.18605804443359375,
          0.21376709640026093,
          0.21508127450942993,
          0.2281045913696289,
          0.23875078558921814,
          0.2424553483724594,
          0.245853453874588,
          0.25396084785461426,
          0.2620263695716858,
          0.2638309597969055,
          0.26531052589416504,
          0.26858392357826233,
          0.26329994201660156,
          0.262337327003479,
          0.2591034173965454
        ],
        "R_t": [
          0.957284152507782,
          0.9190981984138489,
          0.910425066947937,
          0.9066982269287109,
          0.8931586742401123,
          0.8877862095832825,
          0.8750616908073425,
          0.8693865537643433,
          0.8601149320602417,
          0.8624486923217773,
          0.8617041110992432,
          0.8666113615036011,
          0.8665280342102051,
          0.8700370788574219,
          0.8653951287269592
        ],
        "energy_res": [
          3004840332031.25,
          3.1164364852076423,
          0.001886374459817616,
          0.04541874545124402,
          0.06779124959632948,
          0.05024706909817738,
          0.05427154637896875,
          0.043574627291941385,
          0.05029140221915853,
          0.0508924331768596,
          0.0510145437407078,
          0.054494324148642484,
          0.05338501954070017,
          0.0581509533103337,
          0.044153563427262545,
          0.0426681197224942
        ],
        "T_ext": 16
      }
    },
    {
      "arm": "R5d",
      "seed": 2,
      "learn_acc": 0.5361111362775167,
      "final_acc": 0.4777778089046478,
      "forgetting": 0.08749999105930328,
      "measure": {
        "r_gram": [
          0.15009310841560364,
          0.1482652723789215,
          0.1501312106847763,
          0.17508047819137573,
          0.17850808799266815,
          0.18424130976200104,
          0.1943068951368332,
          0.19242873787879944,
          0.19049310684204102,
          0.19487163424491882,
          0.19289952516555786,
          0.18530963361263275,
          0.1874665915966034,
          0.19148977100849152,
          0.18993476033210754
        ],
        "R_t": [
          0.9484237432479858,
          0.9485535621643066,
          0.9411389231681824,
          0.9349038600921631,
          0.9218729734420776,
          0.9163300395011902,
          0.9096203446388245,
          0.8991511464118958,
          0.9019054174423218,
          0.9024802446365356,
          0.9077866077423096,
          0.9106167554855347,
          0.9071705937385559,
          0.9028104543685913,
          0.9009473919868469
        ],
        "energy_res": [
          7929610351562.499,
          1.7139586702873395,
          1.1420453839793416,
          0.049134429597419184,
          0.061183444981744196,
          0.08837519915647271,
          0.06203287129377987,
          0.05417243398548915,
          0.05399568900416699,
          0.026802914449921684,
          0.03834001158728626,
          0.043818586083496376,
          0.05168465499833615,
          0.05258171182051624,
          0.04093917376330641,
          0.0343101650871075
        ],
        "T_ext": 16
      }
    },
    {
      "arm": "R5d",
      "seed": 3,
      "learn_acc": 0.5444444616635641,
      "final_acc": 0.46388891339302063,
      "forgetting": 0.12083332240581512,
      "measure": {
        "r_gram": [
          0.2575293183326721,
          0.2735316753387451,
          0.2737771272659302,
          0.26763612031936646,
          0.27027463912963867,
          0.26721444725990295,
          0.2738419771194458,
          0.27750545740127563,
          0.2801177501678467,
          0.27738064527511597,
          0.2758564352989197,
          0.2694208025932312,
          0.2743324935436249,
          0.27397626638412476,
          0.280294805765152
        ],
        "R_t": [
          0.9377456903457642,
          0.8714238405227661,
          0.8306570053100586,
          0.8220380544662476,
          0.811952531337738,
          0.8091989755630493,
          0.8054304122924805,
          0.7975597381591797,
          0.7963993549346924,
          0.7956506013870239,
          0.7979658842086792,
          0.799462080001831,
          0.7966279983520508,
          0.7959794998168945,
          0.7910730838775635
        ],
        "energy_res": [
          3706443115234.375,
          1.3469158140272968,
          0.16353549640698928,
          0.06643861813123175,
          0.007003958924607157,
          0.01163955253852712,
          0.0003100228364130056,
          0.01405351475644721,
          0.017434663708979916,
          0.0004623802283163862,
          0.015944745324148944,
          0.0018171741503492345,
          0.004716794733054104,
          0.004824748404058888,
          0.0012356890119208425,
          0.010084519759965863
        ],
        "T_ext": 16
      }
    },
    {
      "arm": "R5d",
      "seed": 4,
      "learn_acc": 0.5722222526868185,
      "final_acc": 0.48611114422480267,
      "forgetting": 0.12916666269302368,
      "measure": {
        "r_gram": [
          0.12984877824783325,
          0.14321628212928772,
          0.1666046679019928,
          0.18336953222751617,
          0.18369199335575104,
          0.1896621584892273,
          0.193184033036232,
          0.19567397236824036,
          0.19702261686325073,
          0.1927013248205185,
          0.19545185565948486,
          0.195634126663208,
          0.19333329796791077,
          0.19630154967308044,
          0.19462166726589203
        ],