{
  "runs": [
    {
      "wide": 1,
      "seed": 0,
      "learn_acc": 0.6924999833106995,
      "final_acc": 0.6744999766349793,
      "forgetting": 0.02250000834465027
    },
    {
      "wide": 1,
      "seed": 1,
      "learn_acc": 0.7089999794960022,
      "final_acc": 0.6574999868869782,
      "forgetting": 0.06437499076128006
    },
    {
      "wide": 1,
      "seed": 2,
      "learn_acc": 0.7807499766349792,
      "final_acc": 0.7899999737739563,
      "forgetting": -0.011562496423721313
    },
    {
      "wide": 1,
      "seed": 3,
      "learn_acc": 0.6809999942779541,
      "final_acc": 0.6777499914169312,
      "forgetting": 0.0040625035762786865
    }
  ]
}