{
  "runs": [
    {
      "arm": "R6",
      "seed": 0,
      "learn_acc": 0.9983333468437194,
      "final_acc": 0.9766666889190674,
      "forgetting": 0.027083322405815125,
      "overlap": 0.0
    },
    {
      "arm": "R6",
      "seed": 1,
      "learn_acc": 0.9983333468437194,
      "final_acc": 0.9566666960716248,
      "forgetting": 0.05208331346511841,
      "overlap": 0.0
    },
    {
      "arm": "R6",
      "seed": 2,
      "learn_acc": 0.9866667032241822,
      "final_acc": 0.9566666960716248,
      "forgetting": 0.037500008940696716,
      "overlap": 0.0
    }
  ]
}