{
  "runs": [
    {
      "arm": "R6",
      "seed": 0,
      "lam": 0.0,
      "acc_real": 0.3900000274181366,
      "acc_within": 0.2483333468437195,
      "acc_const": 0.1,
      "task_lift": 0.1483333468437195,
      "instance_lift": 0.14166668057441711,
      "task_decode_cv": 0.45166666666666677
    }
  ]
}