{
  "runs": [
    {
      "arm": "R6s",
      "seed": 0,
      "learn_acc": 0.9000000476837158,
      "final_acc": 0.68833337277174,
      "forgetting": 0.2645833436399698,
      "overlap": 0.33
    },
    {
      "arm": "R6s",
      "seed": 1,
      "learn_acc": 0.9716667175292969,
      "final_acc": 0.8066667199134827,
      "forgetting": 0.20624999701976776,
      "overlap": 0.33
    },
    {
      "arm": "R6s",
      "seed": 2,
      "learn_acc": 0.8866667032241822,
      "final_acc": 0.5900000307708979,
      "forgetting": 0.37083334056660533,
      "overlap": 0.33
    }
  ]
}