{
  "runs": [
    {
      "arm": "R6s",
      "seed": 0,
      "learn_acc": 0.9066666960716248,
      "final_acc": 0.8700000524520874,
      "forgetting": 0.04583330452442169,
      "overlap": 0.0
    },
    {
      "arm": "R6s",
      "seed": 1,
      "learn_acc": 0.9733333587646484,
      "final_acc": 0.8233333647251129,
      "forgetting": 0.1874999925494194,
      "overlap": 0.0
    },
    {
      "arm": "R6s",
      "seed": 2,
      "learn_acc": 0.8583333730697632,
      "final_acc": 0.520000034570694,
      "forgetting": 0.4229166731238365,
      "overlap": 0.0
    }
  ]
}