{
  "runs": [
    {
      "arm": "R6",
      "seed": 0,
      "learn_acc": 1.0,
      "final_acc": 0.9733333706855773,
      "forgetting": 0.03333328664302826,
      "overlap": 0.33
    },
    {
      "arm": "R6",
      "seed": 1,
      "learn_acc": 0.9950000286102295,
      "final_acc": 0.9666667103767395,
      "forgetting": 0.03541664779186249,
      "overlap": 0.33
    },
    {
      "arm": "R6",
      "seed": 2,
      "learn_acc": 0.9866667032241822,
      "final_acc": 0.9700000286102295,
      "forgetting": 0.020833343267440796,
      "overlap": 0.33
    }
  ]
}